cpf,name,password
100001,Sh. Sandip Kumar Kaur,admin123
1001,Employee 1001,Welcome123
1002,Employee 1002,Welcome123
1003,Employee 1003,Welcome123
1004,Employee 1004,Welcome123
1005,Employee 1005,Welcome123
1006,Employee 1006,Welcome123
1007,Employee 1007,Welcome123
1008,Employee 1008,Welcome123
1009,Employee 1009,Welcome123
1010,Employee 1010,Welcome123
1011,Employee 1011,Welcome123
1012,Employee 1012,Welcome123
1013,Employee 1013,Welcome123
1014,Employee 1014,Welcome123
1015,Employee 1015,Welcome123
1016,Employee 1016,Welcome123
1017,Employee 1017,Welcome123
1018,Employee 1018,Welcome123
1019,Employee 1019,Welcome123
1020,Employee 1020,Welcome123
1021,Employee 1021,Welcome123
1022,Employee 1022,Welcome123
1023,Employee 1023,Welcome123
1024,Employee 1024,Welcome123
1025,Employee 1025,Welcome123
1026,Employee 1026,Welcome123
1027,Employee 1027,Welcome123
1028,Employee 1028,Welcome123
1029,Employee 1029,Welcome123
1030,Employee 1030,Welcome123
1031,Employee 1031,Welcome123
1032,Employee 1032,Welcome123
1033,Employee 1033,Welcome123
1034,Employee 1034,Welcome123
1035,Employee 1035,Welcome123
1036,Employee 1036,Welcome123
1037,Employee 1037,Welcome123
1038,Employee 1038,Welcome123
1039,Employee 1039,Welcome123
1040,Employee 1040,Welcome123
1041,Employee 1041,Welcome123
1042,Employee 1042,Welcome123
1043,Employee 1043,Welcome123
1044,Employee 1044,Welcome123
1045,Employee 1045,Welcome123
1046,Employee 1046,Welcome123
1047,Employee 1047,Welcome123
1048,Employee 1048,Welcome123
1049,Employee 1049,Welcome123
1050,Employee 1050,Welcome123
1051,Employee 1051,Welcome123
1052,Employee 1052,Welcome123
1053,Employee 1053,Welcome123
1054,Employee 1054,Welcome123
1055,Employee 1055,Welcome123
1056,Employee 1056,Welcome123
1057,Employee 1057,Welcome123
1058,Employee 1058,Welcome123
1059,Employee 1059,Welcome123
1060,Employee 1060,Welcome123
1061,Employee 1061,Welcome123
1062,Employee 1062,Welcome123
1063,Employee 1063,Welcome123
1064,Employee 1064,Welcome123
1065,Employee 1065,Welcome123
1066,Employee 1066,Welcome123
1067,Employee 1067,Welcome123
1068,Employee 1068,Welcome123
1069,Employee 1069,Welcome123
1070,Employee 1070,Welcome123
1071,Employee 1071,Welcome123
1072,Employee 1072,Welcome123
1073,Employee 1073,Welcome123
1074,Employee 1074,Welcome123
1075,Employee 1075,Welcome123
1076,Employee 1076,Welcome123
1077,Employee 1077,Welcome123
1078,Employee 1078,Welcome123
1079,Employee 1079,Welcome123
1080,Employee 1080,Welcome123
1081,Employee 1081,Welcome123
1082,Employee 1082,Welcome123
1083,Employee 1083,Welcome123
1084,Employee 1084,Welcome123
1085,Employee 1085,Welcome123
1086,Employee 1086,Welcome123
1087,Employee 1087,Welcome123
1088,Employee 1088,Welcome123
1089,Employee 1089,Welcome123
1090,Employee 1090,Welcome123
1091,Employee 1091,Welcome123
1092,Employee 1092,Welcome123
1093,Employee 1093,Welcome123
1094,Employee 1094,Welcome123
1095,Employee 1095,Welcome123
1096,Employee 1096,Welcome123
1097,Employee 1097,Welcome123
1098,Employee 1098,Welcome123
1099,Employee 1099,Welcome123
1100,Employee 1100,Welcome123
1101,Employee 1101,Welcome123
1102,Employee 1102,Welcome123
1103,Employee 1103,Welcome123
1104,Employee 1104,Welcome123
1105,Employee 1105,Welcome123
1106,Employee 1106,Welcome123
1107,Employee 1107,Welcome123
1108,Employee 1108,Welcome123
1109,Employee 1109,Welcome123
1110,Employee 1110,Welcome123
1111,Employee 1111,Welcome123
1112,Employee 1112,Welcome123
1113,Employee 1113,Welcome123
1114,Employee 1114,Welcome123
1115,Employee 1115,Welcome123
1116,Employee 1116,Welcome123
1117,Employee 1117,Welcome123
1118,Employee 1118,Welcome123
1119,Employee 1119,Welcome123
1120,Employee 1120,Welcome123
1121,Employee 1121,Welcome123
1122,Employee 1122,Welcome123
1123,Employee 1123,Welcome123
1124,Employee 1124,Welcome123
1125,Employee 1125,Welcome123
1126,Employee 1126,Welcome123
1127,Employee 1127,Welcome123
1128,Employee 1128,Welcome123
1129,Employee 1129,Welcome123
1130,Employee 1130,Welcome123
1131,Employee 1131,Welcome123
1132,Employee 1132,Welcome123
1133,Employee 1133,Welcome123
1134,Employee 1134,Welcome123
1135,Employee 1135,Welcome123
1136,Employee 1136,Welcome123
1137,Employee 1137,Welcome123
1138,Employee 1138,Welcome123
1139,Employee 1139,Welcome123
1140,Employee 1140,Welcome123
1141,Employee 1141,Welcome123
1142,Employee 1142,Welcome123
1143,Employee 1143,Welcome123
1144,Employee 1144,Welcome123
1145,Employee 1145,Welcome123
1146,Employee 1146,Welcome123
1147,Employee 1147,Welcome123
1148,Employee 1148,Welcome123
1149,Employee 1149,Welcome123
1150,Employee 1150,Welcome123
1151,Employee 1151,Welcome123
1152,Employee 1152,Welcome123
1153,Employee 1153,Welcome123
1154,Employee 1154,Welcome123
1155,Employee 1155,Welcome123
1156,Employee 1156,Welcome123
1157,Employee 1157,Welcome123
1158,Employee 1158,Welcome123
1159,Employee 1159,Welcome123
1160,Employee 1160,Welcome123
1161,Employee 1161,Welcome123
1162,Employee 1162,Welcome123
1163,Employee 1163,Welcome123
1164,Employee 1164,Welcome123
1165,Employee 1165,Welcome123
1166,Employee 1166,Welcome123
1167,Employee 1167,Welcome123
1168,Employee 1168,Welcome123
1169,Employee 1169,Welcome123
1170,Employee 1170,Welcome123
1171,Employee 1171,Welcome123
1172,Employee 1172,Welcome123
1173,Employee 1173,Welcome123
1174,Employee 1174,Welcome123
1175,Employee 1175,Welcome123
1176,Employee 1176,Welcome123
1177,Employee 1177,Welcome123
1178,Employee 1178,Welcome123
1179,Employee 1179,Welcome123
1180,Employee 1180,Welcome123
1181,Employee 1181,Welcome123
1182,Employee 1182,Welcome123
1183,Employee 1183,Welcome123
1184,Employee 1184,Welcome123
1185,Employee 1185,Welcome123
1186,Employee 1186,Welcome123
1187,Employee 1187,Welcome123
1188,Employee 1188,Welcome123
1189,Employee 1189,Welcome123
1190,Employee 1190,Welcome123
1191,Employee 1191,Welcome123
1192,Employee 1192,Welcome123
1193,Employee 1193,Welcome123
1194,Employee 1194,Welcome123
1196,Employee 1196,Welcome123
1197,Employee 1197,Welcome123
1198,Employee 1198,Welcome123
1199,Employee 1199,Welcome123
1200,Employee 1200,Welcome123
1201,Employee 1201,Welcome123
1202,Employee 1202,Welcome123
1203,Employee 1203,Welcome123
1204,Employee 1204,Welcome123
1205,Employee 1205,Welcome123
1206,Employee 1206,Welcome123
1207,Employee 1207,Welcome123
1208,Employee 1208,Welcome123
1209,Employee 1209,Welcome123
1210,Employee 1210,Welcome123
1211,Employee 1211,Welcome123
1212,Employee 1212,Welcome123
1213,Employee 1213,Welcome123
1214,Employee 1214,Welcome123
1215,Employee 1215,Welcome123
1216,Employee 1216,Welcome123
1217,Employee 1217,Welcome123
1218,Employee 1218,Welcome123
1219,Employee 1219,Welcome123
1220,Employee 1220,Welcome123
1221,Employee 1221,Welcome123
1222,Employee 1222,Welcome123
1223,Employee 1223,Welcome123
1224,Employee 1224,Welcome123
1225,Employee 1225,Welcome123
1226,Employee 1226,Welcome123
1227,Employee 1227,Welcome123
1228,Employee 1228,Welcome123
1229,Employee 1229,Welcome123
1230,Employee 1230,Welcome123
1231,Employee 1231,Welcome123
1232,Employee 1232,Welcome123
1233,Employee 1233,Welcome123
1234,Employee 1234,Welcome123
1235,Employee 1235,Welcome123
1236,Employee 1236,Welcome123
1237,Employee 1237,Welcome123
1238,Employee 1238,Welcome123
1239,Employee 1239,Welcome123
1240,Employee 1240,Welcome123
1241,Employee 1241,Welcome123
1242,Employee 1242,Welcome123
1243,Employee 1243,Welcome123
1244,Employee 1244,Welcome123
1245,Employee 1245,Welcome123
1246,Employee 1246,Welcome123
1247,Employee 1247,Welcome123
1248,Employee 1248,Welcome123
1249,Employee 1249,Welcome123
1250,Employee 1250,Welcome123
1251,Employee 1251,Welcome123
1252,Employee 1252,Welcome123
1253,Employee 1253,Welcome123
1254,Employee 1254,Welcome123
1255,Employee 1255,Welcome123
1256,Employee 1256,Welcome123
1257,Employee 1257,Welcome123
1258,Employee 1258,Welcome123
1259,Employee 1259,Welcome123
1260,Employee 1260,Welcome123
1261,Employee 1261,Welcome123
1262,Employee 1262,Welcome123
1263,Employee 1263,Welcome123
1264,Employee 1264,Welcome123
1265,Employee 1265,Welcome123
1266,Employee 1266,Welcome123
1267,Employee 1267,Welcome123
1268,Employee 1268,Welcome123
1269,Employee 1269,Welcome123
1270,Employee 1270,Welcome123
1271,Employee 1271,Welcome123
1272,Employee 1272,Welcome123
1273,Employee 1273,Welcome123
1274,Employee 1274,Welcome123
1275,Employee 1275,Welcome123
1276,Employee 1276,Welcome123
1277,Employee 1277,Welcome123
1278,Employee 1278,Welcome123
1279,Employee 1279,Welcome123
1280,Employee 1280,Welcome123
1281,Employee 1281,Welcome123
1282,Employee 1282,Welcome123
1283,Employee 1283,Welcome123
1284,Employee 1284,Welcome123
1285,Employee 1285,Welcome123
1286,Employee 1286,Welcome123
1287,Employee 1287,Welcome123
1288,Employee 1288,Welcome123
1289,Employee 1289,Welcome123
1290,Employee 1290,Welcome123
1291,Employee 1291,Welcome123
1292,Employee 1292,Welcome123
1293,Employee 1293,Welcome123
1294,Employee 1294,Welcome123
1295,Employee 1295,Welcome123
1296,Employee 1296,Welcome123
1297,Employee 1297,Welcome123
1298,Employee 1298,Welcome123
1299,Employee 1299,Welcome123
1300,Employee 1300,Welcome123
1301,Employee 1301,Welcome123
1302,Employee 1302,Welcome123
1303,Employee 1303,Welcome123
1304,Employee 1304,Welcome123
1305,Employee 1305,Welcome123
1306,Employee 1306,Welcome123
1307,Employee 1307,Welcome123
1308,Employee 1308,Welcome123
1309,Employee 1309,Welcome123
1310,Employee 1310,Welcome123
1311,Employee 1311,Welcome123
1312,Employee 1312,Welcome123
1313,Employee 1313,Welcome123
1314,Employee 1314,Welcome123
1315,Employee 1315,Welcome123
1316,Employee 1316,Welcome123
1317,Employee 1317,Welcome123
1318,Employee 1318,Welcome123
1319,Employee 1319,Welcome123
1320,Employee 1320,Welcome123
1321,Employee 1321,Welcome123
1322,Employee 1322,Welcome123
1323,Employee 1323,Welcome123
1324,Employee 1324,Welcome123
1325,Employee 1325,Welcome123
1326,Employee 1326,Welcome123
1327,Employee 1327,Welcome123
1328,Employee 1328,Welcome123
1329,Employee 1329,Welcome123
1330,Employee 1330,Welcome123
1331,Employee 1331,Welcome123
1332,Employee 1332,Welcome123
1333,Employee 1333,Welcome123
1334,Employee 1334,Welcome123
1335,Employee 1335,Welcome123
1336,Employee 1336,Welcome123
1337,Employee 1337,Welcome123
1338,Employee 1338,Welcome123
1339,Employee 1339,Welcome123
1340,Employee 1340,Welcome123
1341,Employee 1341,Welcome123
1342,Employee 1342,Welcome123
1343,Employee 1343,Welcome123
1344,Employee 1344,Welcome123
1345,Employee 1345,Welcome123
1346,Employee 1346,Welcome123
1347,Employee 1347,Welcome123
1349,Employee 1349,Welcome123
1350,Employee 1350,Welcome123
1351,Employee 1351,Welcome123
1352,Employee 1352,Welcome123
1353,Employee 1353,Welcome123
1355,Employee 1355,Welcome123
1356,Employee 1356,Welcome123
1357,Employee 1357,Welcome123
1358,Employee 1358,Welcome123
1359,Employee 1359,Welcome123
1360,Employee 1360,Welcome123
1362,Employee 1362,Welcome123
1363,Employee 1363,Welcome123
1364,Employee 1364,Welcome123
1365,Employee 1365,Welcome123
1366,Employee 1366,Welcome123
1367,Employee 1367,Welcome123
1368,Employee 1368,Welcome123
1369,Employee 1369,Welcome123
1370,Employee 1370,Welcome123
1371,Employee 1371,Welcome123
1372,Employee 1372,Welcome123
1373,Employee 1373,Welcome123
1374,Employee 1374,Welcome123
1375,Employee 1375,Welcome123
1376,Employee 1376,Welcome123
1377,Employee 1377,Welcome123
1378,Employee 1378,Welcome123
1379,Employee 1379,Welcome123
1380,Employee 1380,Welcome123
1381,Employee 1381,Welcome123
1382,Employee 1382,Welcome123
1383,Employee 1383,Welcome123
1384,Employee 1384,Welcome123
1385,Employee 1385,Welcome123
1386,Employee 1386,Welcome123
1387,Employee 1387,Welcome123
1388,Employee 1388,Welcome123
1389,Employee 1389,Welcome123
1390,Employee 1390,Welcome123
1391,Employee 1391,Welcome123
1392,Employee 1392,Welcome123
1393,Employee 1393,Welcome123
1394,Employee 1394,Welcome123
1395,Employee 1395,Welcome123
1396,Employee 1396,Welcome123
1397,Employee 1397,Welcome123
1398,Employee 1398,Welcome123
1399,Employee 1399,Welcome123
1400,Employee 1400,Welcome123
1401,Employee 1401,Welcome123
1402,Employee 1402,Welcome123
1403,Employee 1403,Welcome123
1404,Employee 1404,Welcome123
1405,Employee 1405,Welcome123
1406,Employee 1406,Welcome123
1407,Employee 1407,Welcome123
1408,Employee 1408,Welcome123
1409,Employee 1409,Welcome123
1410,Employee 1410,Welcome123
1411,Employee 1411,Welcome123
1412,Employee 1412,Welcome123
1413,Employee 1413,Welcome123
1414,Employee 1414,Welcome123
1415,Employee 1415,Welcome123
1416,Employee 1416,Welcome123
1417,Employee 1417,Welcome123
1418,Employee 1418,Welcome123
1419,Employee 1419,Welcome123
1420,Employee 1420,Welcome123
1421,Employee 1421,Welcome123
1423,Employee 1423,Welcome123
1425,Employee 1425,Welcome123
1426,Employee 1426,Welcome123
1427,Employee 1427,Welcome123
1428,Employee 1428,Welcome123
1429,Employee 1429,Welcome123
1430,Employee 1430,Welcome123
1431,Employee 1431,Welcome123
1432,Employee 1432,Welcome123
1433,Employee 1433,Welcome123
1434,Employee 1434,Welcome123
1435,Employee 1435,Welcome123
1436,Employee 1436,Welcome123
1437,Employee 1437,Welcome123
1438,Employee 1438,Welcome123
1439,Employee 1439,Welcome123
1440,Employee 1440,Welcome123
1441,Employee 1441,Welcome123
1442,Employee 1442,Welcome123
1443,Employee 1443,Welcome123
1444,Employee 1444,Welcome123
1448,Employee 1448,Welcome123
1449,Employee 1449,Welcome123
1450,Employee 1450,Welcome123
1451,Employee 1451,Welcome123
1452,Employee 1452,Welcome123
1453,Employee 1453,Welcome123
1454,Employee 1454,Welcome123
1455,Employee 1455,Welcome123
1456,Employee 1456,Welcome123
1457,Employee 1457,Welcome123
1458,Employee 1458,Welcome123
1459,Employee 1459,Welcome123
1460,Employee 1460,Welcome123
1461,Employee 1461,Welcome123
1462,Employee 1462,Welcome123
1463,Employee 1463,Welcome123
1464,Employee 1464,Welcome123
1465,Employee 1465,Welcome123
1466,Employee 1466,Welcome123
1467,Employee 1467,Welcome123
1468,Employee 1468,Welcome123
1469,Employee 1469,Welcome123
1470,Employee 1470,Welcome123
1471,Employee 1471,Welcome123
1472,Employee 1472,Welcome123
1473,Employee 1473,Welcome123
1474,Employee 1474,Welcome123
1475,Employee 1475,Welcome123
1476,Employee 1476,Welcome123
1477,Employee 1477,Welcome123
1478,Employee 1478,Welcome123
1479,Employee 1479,Welcome123
1480,Employee 1480,Welcome123
1481,Employee 1481,Welcome123
1482,Employee 1482,Welcome123
1483,Employee 1483,Welcome123
1484,Employee 1484,Welcome123
1485,Employee 1485,Welcome123
1486,Employee 1486,Welcome123
1487,Employee 1487,Welcome123
1489,Employee 1489,Welcome123
1490,Employee 1490,Welcome123
1491,Employee 1491,Welcome123
1492,Employee 1492,Welcome123
1493,Employee 1493,Welcome123
1494,Employee 1494,Welcome123
1495,Employee 1495,Welcome123
1496,Employee 1496,Welcome123
1497,Employee 1497,Welcome123
1498,Employee 1498,Welcome123
1499,Employee 1499,Welcome123
1500,Employee 1500,Welcome123
1501,Employee 1501,Welcome123
1502,Employee 1502,Welcome123
1503,Employee 1503,Welcome123
1504,Employee 1504,Welcome123
1505,Employee 1505,Welcome123
1506,Employee 1506,Welcome123
1507,Employee 1507,Welcome123
1508,Employee 1508,Welcome123
1509,Employee 1509,Welcome123
1510,Employee 1510,Welcome123
1513,Employee 1513,Welcome123
1514,Employee 1514,Welcome123
1515,Employee 1515,Welcome123
1516,Employee 1516,Welcome123
1517,Employee 1517,Welcome123
1518,Employee 1518,Welcome123
1519,Employee 1519,Welcome123
1520,Employee 1520,Welcome123
1521,Employee 1521,Welcome123
1522,Employee 1522,Welcome123
1523,Employee 1523,Welcome123
1524,Employee 1524,Welcome123
1525,Employee 1525,Welcome123
1526,Employee 1526,Welcome123
1527,Employee 1527,Welcome123
1528,Employee 1528,Welcome123
1529,Employee 1529,Welcome123
1530,Employee 1530,Welcome123
1534,Employee 1534,Welcome123
1535,Employee 1535,Welcome123
1536,Employee 1536,Welcome123
1537,Employee 1537,Welcome123
1538,Employee 1538,Welcome123
1539,Employee 1539,Welcome123
1540,Employee 1540,Welcome123
1541,Employee 1541,Welcome123
1542,Employee 1542,Welcome123
1543,Employee 1543,Welcome123
1544,Employee 1544,Welcome123
1545,Employee 1545,Welcome123
1546,Employee 1546,Welcome123
1547,Employee 1547,Welcome123
1548,Employee 1548,Welcome123
1549,Employee 1549,Welcome123
1550,Employee 1550,Welcome123
1553,Employee 1553,Welcome123
1555,Employee 1555,Welcome123
1556,Employee 1556,Welcome123
1557,Employee 1557,Welcome123
1558,Employee 1558,Welcome123
1559,Employee 1559,Welcome123
1560,Employee 1560,Welcome123
1561,Employee 1561,Welcome123
1562,Employee 1562,Welcome123
1563,Employee 1563,Welcome123
1564,Employee 1564,Welcome123
1565,Employee 1565,Welcome123
1566,Employee 1566,Welcome123
1567,Employee 1567,Welcome123
1568,Employee 1568,Welcome123
1569,Employee 1569,Welcome123
1570,Employee 1570,Welcome123
1571,Employee 1571,Welcome123
1572,Employee 1572,Welcome123
1573,Employee 1573,Welcome123
1576,Employee 1576,Welcome123
1577,Employee 1577,Welcome123
1578,Employee 1578,Welcome123
1579,Employee 1579,Welcome123
1580,Employee 1580,Welcome123
1581,Employee 1581,Welcome123
1582,Employee 1582,Welcome123
1583,Employee 1583,Welcome123
1584,Employee 1584,Welcome123
1585,Employee 1585,Welcome123
1586,Employee 1586,Welcome123
1587,Employee 1587,Welcome123
1588,Employee 1588,Welcome123
1589,Employee 1589,Welcome123
1590,Employee 1590,Welcome123
1591,Employee 1591,Welcome123
1592,Employee 1592,Welcome123
1593,Employee 1593,Welcome123
1594,Employee 1594,Welcome123
1595,Employee 1595,Welcome123
1599,Employee 1599,Welcome123
1600,Employee 1600,Welcome123
1601,Employee 1601,Welcome123
1602,Employee 1602,Welcome123
1603,Employee 1603,Welcome123
1604,Employee 1604,Welcome123
1605,Employee 1605,Welcome123
1606,Employee 1606,Welcome123
1607,Employee 1607,Welcome123
1608,Employee 1608,Welcome123
1609,Employee 1609,Welcome123
1610,Employee 1610,Welcome123
1611,Employee 1611,Welcome123
1612,Employee 1612,Welcome123
1613,Employee 1613,Welcome123
1614,Employee 1614,Welcome123
1615,Employee 1615,Welcome123
1616,Employee 1616,Welcome123
1617,Employee 1617,Welcome123
1618,Employee 1618,Welcome123
1620,Employee 1620,Welcome123
1621,Employee 1621,Welcome123
1622,Employee 1622,Welcome123
1623,Employee 1623,Welcome123
1624,Employee 1624,Welcome123
1625,Employee 1625,Welcome123
1626,Employee 1626,Welcome123
1627,Employee 1627,Welcome123
1628,Employee 1628,Welcome123
1629,Employee 1629,Welcome123
1630,Employee 1630,Welcome123
1631,Employee 1631,Welcome123
1632,Employee 1632,Welcome123
1633,Employee 1633,Welcome123
1634,Employee 1634,Welcome123
1635,Employee 1635,Welcome123
1636,Employee 1636,Welcome123
1637,Employee 1637,Welcome123
1638,Employee 1638,Welcome123
1639,Employee 1639,Welcome123
1640,Employee 1640,Welcome123
1641,Employee 1641,Welcome123
1642,Employee 1642,Welcome123
1643,Employee 1643,Welcome123
1644,Employee 1644,Welcome123
1645,Employee 1645,Welcome123
1646,Employee 1646,Welcome123
1647,Employee 1647,Welcome123
1648,Employee 1648,Welcome123
1649,Employee 1649,Welcome123
1650,Employee 1650,Welcome123
1651,Employee 1651,Welcome123
1652,Employee 1652,Welcome123
1653,Employee 1653,Welcome123
1654,Employee 1654,Welcome123
1655,Employee 1655,Welcome123
1656,Employee 1656,Welcome123
1657,Employee 1657,Welcome123
1658,Employee 1658,Welcome123
1659,Employee 1659,Welcome123
1660,Employee 1660,Welcome123
1661,Employee 1661,Welcome123
1662,Employee 1662,Welcome123
1663,Employee 1663,Welcome123
1664,Employee 1664,Welcome123
1665,Employee 1665,Welcome123
1666,Employee 1666,Welcome123
1667,Employee 1667,Welcome123
1668,Employee 1668,Welcome123
1669,Employee 1669,Welcome123
1670,Employee 1670,Welcome123
1671,Employee 1671,Welcome123
1672,Employee 1672,Welcome123
1673,Employee 1673,Welcome123
1674,Employee 1674,Welcome123
1675,Employee 1675,Welcome123
1676,Employee 1676,Welcome123
1677,Employee 1677,Welcome123
1678,Employee 1678,Welcome123
1679,Employee 1679,Welcome123
1680,Employee 1680,Welcome123
1681,Employee 1681,Welcome123
1682,Employee 1682,Welcome123
1683,Employee 1683,Welcome123
1684,Employee 1684,Welcome123
1685,Employee 1685,Welcome123
1686,Employee 1686,Welcome123
1687,Employee 1687,Welcome123
1688,Employee 1688,Welcome123
1689,Employee 1689,Welcome123
1690,Employee 1690,Welcome123
1691,Employee 1691,Welcome123
1692,Employee 1692,Welcome123
1693,Employee 1693,Welcome123
1694,Employee 1694,Welcome123
1695,Employee 1695,Welcome123
1696,Employee 1696,Welcome123
1697,Employee 1697,Welcome123
1698,Employee 1698,Welcome123
1699,Employee 1699,Welcome123
1700,Employee 1700,Welcome123
1701,Employee 1701,Welcome123
1702,Employee 1702,Welcome123
1703,Employee 1703,Welcome123
1704,Employee 1704,Welcome123
1705,Employee 1705,Welcome123
1706,Employee 1706,Welcome123
1707,Employee 1707,Welcome123
1708,Employee 1708,Welcome123
1709,Employee 1709,Welcome123
1710,Employee 1710,Welcome123
1711,Employee 1711,Welcome123
1712,Employee 1712,Welcome123
1713,Employee 1713,Welcome123
1714,Employee 1714,Welcome123
1715,Employee 1715,Welcome123
1716,Employee 1716,Welcome123
1717,Employee 1717,Welcome123
1718,Employee 1718,Welcome123
1719,Employee 1719,Welcome123
1720,Employee 1720,Welcome123
1721,Employee 1721,Welcome123
1722,Employee 1722,Welcome123
1723,Employee 1723,Welcome123
1724,Employee 1724,Welcome123
1725,Employee 1725,Welcome123
1726,Employee 1726,Welcome123
1727,Employee 1727,Welcome123
1728,Employee 1728,Welcome123
1729,Employee 1729,Welcome123
1730,Employee 1730,Welcome123
1731,Employee 1731,Welcome123
1732,Employee 1732,Welcome123
1733,Employee 1733,Welcome123
1734,Employee 1734,Welcome123
1735,Employee 1735,Welcome123
1736,Employee 1736,Welcome123
1737,Employee 1737,Welcome123
1738,Employee 1738,Welcome123
1739,Employee 1739,Welcome123
1740,Employee 1740,Welcome123
1741,Employee 1741,Welcome123
1742,Employee 1742,Welcome123
1743,Employee 1743,Welcome123
1744,Employee 1744,Welcome123
1745,Employee 1745,Welcome123
1746,Employee 1746,Welcome123
1748,Employee 1748,Welcome123
1749,Employee 1749,Welcome123
1750,Employee 1750,Welcome123
1751,Employee 1751,Welcome123
1752,Employee 1752,Welcome123
1753,Employee 1753,Welcome123
1754,Employee 1754,Welcome123
1755,Employee 1755,Welcome123
1756,Employee 1756,Welcome123
1757,Employee 1757,Welcome123
1758,Employee 1758,Welcome123
1759,Employee 1759,Welcome123
1760,Employee 1760,Welcome123
1761,Employee 1761,Welcome123
1762,Employee 1762,Welcome123
1763,Employee 1763,Welcome123
1764,Employee 1764,Welcome123
1765,Employee 1765,Welcome123
1766,Employee 1766,Welcome123
1767,Employee 1767,Welcome123
1768,Employee 1768,Welcome123
1769,Employee 1769,Welcome123
1770,Employee 1770,Welcome123
1771,Employee 1771,Welcome123
1772,Employee 1772,Welcome123
1773,Employee 1773,Welcome123
1774,Employee 1774,Welcome123
1775,Employee 1775,Welcome123
1776,Employee 1776,Welcome123
1777,Employee 1777,Welcome123
1778,Employee 1778,Welcome123
1779,Employee 1779,Welcome123
1780,Employee 1780,Welcome123
1781,Employee 1781,Welcome123
1782,Employee 1782,Welcome123
1783,Employee 1783,Welcome123
1784,Employee 1784,Welcome123
1785,Employee 1785,Welcome123
1786,Employee 1786,Welcome123
1787,Employee 1787,Welcome123
1788,Employee 1788,Welcome123
1789,Employee 1789,Welcome123
1790,Employee 1790,Welcome123
1791,Employee 1791,Welcome123
1792,Employee 1792,Welcome123
1793,Employee 1793,Welcome123
1794,Employee 1794,Welcome123
1795,Employee 1795,Welcome123
1796,Employee 1796,Welcome123
1797,Employee 1797,Welcome123
1798,Employee 1798,Welcome123
1799,Employee 1799,Welcome123
1800,Employee 1800,Welcome123
1801,Employee 1801,Welcome123
1802,Employee 1802,Welcome123
1803,Employee 1803,Welcome123
1804,Employee 1804,Welcome123
1805,Employee 1805,Welcome123
1806,Employee 1806,Welcome123
1807,Employee 1807,Welcome123
1808,Employee 1808,Welcome123
1809,Employee 1809,Welcome123
1810,Employee 1810,Welcome123
1811,Employee 1811,Welcome123
1812,Employee 1812,Welcome123
1813,Employee 1813,Welcome123
1814,Employee 1814,Welcome123
1815,Employee 1815,Welcome123
1816,Employee 1816,Welcome123
1817,Employee 1817,Welcome123
1818,Employee 1818,Welcome123
1819,Employee 1819,Welcome123
1820,Employee 1820,Welcome123
1821,Employee 1821,Welcome123
1822,Employee 1822,Welcome123
1823,Employee 1823,Welcome123
1824,Employee 1824,Welcome123
1825,Employee 1825,Welcome123
1826,Employee 1826,Welcome123
1827,Employee 1827,Welcome123
1828,Employee 1828,Welcome123
1829,Employee 1829,Welcome123
1830,Employee 1830,Welcome123
1831,Employee 1831,Welcome123
1832,Employee 1832,Welcome123
1833,Employee 1833,Welcome123
1834,Employee 1834,Welcome123
1835,Employee 1835,Welcome123
1836,Employee 1836,Welcome123
1837,Employee 1837,Welcome123
1838,Employee 1838,Welcome123
1839,Employee 1839,Welcome123
1840,Employee 1840,Welcome123
1841,Employee 1841,Welcome123
1842,Employee 1842,Welcome123
1843,Employee 1843,Welcome123
1844,Employee 1844,Welcome123
1845,Employee 1845,Welcome123
1846,Employee 1846,Welcome123
1847,Employee 1847,Welcome123
1848,Employee 1848,Welcome123
1849,Employee 1849,Welcome123
1850,Employee 1850,Welcome123
1851,Employee 1851,Welcome123
1852,Employee 1852,Welcome123
1853,Employee 1853,Welcome123
1854,Employee 1854,Welcome123
1855,Employee 1855,Welcome123
1856,Employee 1856,Welcome123
1857,Employee 1857,Welcome123
1858,Employee 1858,Welcome123
1859,Employee 1859,Welcome123
1860,Employee 1860,Welcome123
1861,Employee 1861,Welcome123
1862,Employee 1862,Welcome123
1863,Employee 1863,Welcome123
1864,Employee 1864,Welcome123
1865,Employee 1865,Welcome123
1866,Employee 1866,Welcome123
1867,Employee 1867,Welcome123
1868,Employee 1868,Welcome123
1869,Employee 1869,Welcome123
1870,Employee 1870,Welcome123
1871,Employee 1871,Welcome123
1872,Employee 1872,Welcome123
1873,Employee 1873,Welcome123
1874,Employee 1874,Welcome123
1875,Employee 1875,Welcome123
1877,Employee 1877,Welcome123
1878,Employee 1878,Welcome123
1879,Employee 1879,Welcome123
1880,Employee 1880,Welcome123
1881,Employee 1881,Welcome123
1882,Employee 1882,Welcome123
1883,Employee 1883,Welcome123
1884,Employee 1884,Welcome123
1885,Employee 1885,Welcome123
1886,Employee 1886,Welcome123
1887,Employee 1887,Welcome123
1888,Employee 1888,Welcome123
1889,Employee 1889,Welcome123
1890,Employee 1890,Welcome123
1891,Employee 1891,Welcome123
1892,Employee 1892,Welcome123
1893,Employee 1893,Welcome123
1894,Employee 1894,Welcome123
1895,Employee 1895,Welcome123
1896,Employee 1896,Welcome123
1897,Employee 1897,Welcome123
1898,Employee 1898,Welcome123
1899,Employee 1899,Welcome123
1900,Employee 1900,Welcome123
1901,Employee 1901,Welcome123
1902,Employee 1902,Welcome123
1903,Employee 1903,Welcome123
1904,Employee 1904,Welcome123
1905,Employee 1905,Welcome123
1906,Employee 1906,Welcome123
1907,Employee 1907,Welcome123
1908,Employee 1908,Welcome123
1909,Employee 1909,Welcome123
1910,Employee 1910,Welcome123
1911,Employee 1911,Welcome123
1912,Employee 1912,Welcome123
1913,Employee 1913,Welcome123
1914,Employee 1914,Welcome123
1917,Employee 1917,Welcome123
1918,Employee 1918,Welcome123
1919,Employee 1919,Welcome123
1920,Employee 1920,Welcome123
1921,Employee 1921,Welcome123
1922,Employee 1922,Welcome123
1923,Employee 1923,Welcome123
1924,Employee 1924,Welcome123
1925,Employee 1925,Welcome123
1926,Employee 1926,Welcome123
1927,Employee 1927,Welcome123
1928,Employee 1928,Welcome123
1929,Employee 1929,Welcome123
1930,Employee 1930,Welcome123
1931,Employee 1931,Welcome123
1932,Employee 1932,Welcome123
1933,Employee 1933,Welcome123
1934,Employee 1934,Welcome123
1935,Employee 1935,Welcome123
1936,Employee 1936,Welcome123
1937,Employee 1937,Welcome123
1938,Employee 1938,Welcome123
1939,Employee 1939,Welcome123
1940,Employee 1940,Welcome123
1941,Employee 1941,Welcome123
1942,Employee 1942,Welcome123
1943,Employee 1943,Welcome123
1944,Employee 1944,Welcome123
1945,Employee 1945,Welcome123
1946,Employee 1946,Welcome123
1947,Employee 1947,Welcome123
1948,Employee 1948,Welcome123
1949,Employee 1949,Welcome123
1950,Employee 1950,Welcome123
1951,Employee 1951,Welcome123
1952,Employee 1952,Welcome123
1953,Employee 1953,Welcome123
1954,Employee 1954,Welcome123
1955,Employee 1955,Welcome123
1956,Employee 1956,Welcome123
1957,Employee 1957,Welcome123
1958,Employee 1958,Welcome123
1959,Employee 1959,Welcome123
1960,Employee 1960,Welcome123
1961,Employee 1961,Welcome123
1962,Employee 1962,Welcome123
1963,Employee 1963,Welcome123
1964,Employee 1964,Welcome123
1965,Employee 1965,Welcome123
1966,Employee 1966,Welcome123
1967,Employee 1967,Welcome123
1968,Employee 1968,Welcome123
1970,Employee 1970,Welcome123
1971,Employee 1971,Welcome123
1972,Employee 1972,Welcome123
1973,Employee 1973,Welcome123
1974,Employee 1974,Welcome123
1975,Employee 1975,Welcome123
1976,Employee 1976,Welcome123
1977,Employee 1977,Welcome123
1978,Employee 1978,Welcome123
1979,Employee 1979,Welcome123
1980,Employee 1980,Welcome123
1981,Employee 1981,Welcome123
1982,Employee 1982,Welcome123
1983,Employee 1983,Welcome123
1984,Employee 1984,Welcome123
1985,Employee 1985,Welcome123
1986,Employee 1986,Welcome123
1987,Employee 1987,Welcome123
1988,Employee 1988,Welcome123
1989,Employee 1989,Welcome123
1990,Employee 1990,Welcome123
1991,Employee 1991,Welcome123
1992,Employee 1992,Welcome123
1993,Employee 1993,Welcome123
1994,Employee 1994,Welcome123
1995,Employee 1995,Welcome123
1996,Employee 1996,Welcome123
1997,Employee 1997,Welcome123
1998,Employee 1998,Welcome123
1999,Employee 1999,Welcome123
2000,Employee 2000,Welcome123
2001,Employee 2001,Welcome123
2002,Employee 2002,Welcome123
2003,Employee 2003,Welcome123
2004,Employee 2004,Welcome123
2005,Employee 2005,Welcome123
2006,Employee 2006,Welcome123
2007,Employee 2007,Welcome123
2008,Employee 2008,Welcome123
2009,Employee 2009,Welcome123
2010,Employee 2010,Welcome123
2011,Employee 2011,Welcome123
2012,Employee 2012,Welcome123
2013,Employee 2013,Welcome123
2014,Employee 2014,Welcome123
2015,Employee 2015,Welcome123
2016,Employee 2016,Welcome123
2017,Employee 2017,Welcome123
2018,Employee 2018,Welcome123
2019,Employee 2019,Welcome123
2020,Employee 2020,Welcome123
2021,Employee 2021,Welcome123
2022,Employee 2022,Welcome123
2023,Employee 2023,Welcome123
2024,Employee 2024,Welcome123
2025,Employee 2025,Welcome123
2026,Employee 2026,Welcome123
2027,Employee 2027,Welcome123
2028,Employee 2028,Welcome123
2029,Employee 2029,Welcome123
2030,Employee 2030,Welcome123
2031,Employee 2031,Welcome123
2032,Employee 2032,Welcome123
2033,Employee 2033,Welcome123
2034,Employee 2034,Welcome123
2035,Employee 2035,Welcome123
2036,Employee 2036,Welcome123
2037,Employee 2037,Welcome123
2038,Employee 2038,Welcome123
2039,Employee 2039,Welcome123
2041,Employee 2041,Welcome123
2042,Employee 2042,Welcome123
2043,Employee 2043,Welcome123
2044,Employee 2044,Welcome123
2045,Employee 2045,Welcome123
2046,Employee 2046,Welcome123
2047,Employee 2047,Welcome123
2048,Employee 2048,Welcome123
2049,Employee 2049,Welcome123
2050,Employee 2050,Welcome123
2051,Employee 2051,Welcome123
2052,Employee 2052,Welcome123
2053,Employee 2053,Welcome123
2054,Employee 2054,Welcome123
2055,Employee 2055,Welcome123
2056,Employee 2056,Welcome123
2057,Employee 2057,Welcome123
2058,Employee 2058,Welcome123
2059,Employee 2059,Welcome123
2060,Employee 2060,Welcome123
2061,Employee 2061,Welcome123
2062,Employee 2062,Welcome123
2063,Employee 2063,Welcome123
2064,Employee 2064,Welcome123
2065,Employee 2065,Welcome123
2066,Employee 2066,Welcome123
2067,Employee 2067,Welcome123
2068,Employee 2068,Welcome123
2069,Employee 2069,Welcome123
2070,Employee 2070,Welcome123
2071,Employee 2071,Welcome123
2072,Employee 2072,Welcome123
2073,Employee 2073,Welcome123
2074,Employee 2074,Welcome123
2075,Employee 2075,Welcome123
2076,Employee 2076,Welcome123
2077,Employee 2077,Welcome123
2078,Employee 2078,Welcome123
2079,Employee 2079,Welcome123
2080,Employee 2080,Welcome123
2081,Employee 2081,Welcome123
2082,Employee 2082,Welcome123
2083,Employee 2083,Welcome123
2084,Employee 2084,Welcome123
2085,Employee 2085,Welcome123
2086,Employee 2086,Welcome123
2087,Employee 2087,Welcome123
2088,Employee 2088,Welcome123
2089,Employee 2089,Welcome123
2090,Employee 2090,Welcome123
2091,Employee 2091,Welcome123
2092,Employee 2092,Welcome123
2093,Employee 2093,Welcome123
2094,Employee 2094,Welcome123
2095,Employee 2095,Welcome123
2096,Employee 2096,Welcome123
2097,Employee 2097,Welcome123
2098,Employee 2098,Welcome123
2099,Employee 2099,Welcome123
2100,Employee 2100,Welcome123
2101,Employee 2101,Welcome123
2102,Employee 2102,Welcome123
2103,Employee 2103,Welcome123
2104,Employee 2104,Welcome123
2105,Employee 2105,Welcome123
2106,Employee 2106,Welcome123
2107,Employee 2107,Welcome123
2108,Employee 2108,Welcome123
2109,Employee 2109,Welcome123
2110,Employee 2110,Welcome123
2111,Employee 2111,Welcome123
2112,Employee 2112,Welcome123
2113,Employee 2113,Welcome123
2114,Employee 2114,Welcome123
2115,Employee 2115,Welcome123
2116,Employee 2116,Welcome123
2117,Employee 2117,Welcome123
2118,Employee 2118,Welcome123
2119,Employee 2119,Welcome123
2120,Employee 2120,Welcome123
2121,Employee 2121,Welcome123
2122,Employee 2122,Welcome123
2123,Employee 2123,Welcome123
2124,Employee 2124,Welcome123
2125,Employee 2125,Welcome123
2126,Employee 2126,Welcome123
2127,Employee 2127,Welcome123
2128,Employee 2128,Welcome123
2129,Employee 2129,Welcome123
2130,Employee 2130,Welcome123
2131,Employee 2131,Welcome123
2132,Employee 2132,Welcome123
2133,Employee 2133,Welcome123
2134,Employee 2134,Welcome123
2135,Employee 2135,Welcome123
2136,Employee 2136,Welcome123
2138,Employee 2138,Welcome123
2139,Employee 2139,Welcome123
2140,Employee 2140,Welcome123
2141,Employee 2141,Welcome123
2142,Employee 2142,Welcome123
2144,Employee 2144,Welcome123
2145,Employee 2145,Welcome123
2146,Employee 2146,Welcome123
2147,Employee 2147,Welcome123
2148,Employee 2148,Welcome123
2149,Employee 2149,Welcome123
2150,Employee 2150,Welcome123
2151,Employee 2151,Welcome123
2152,Employee 2152,Welcome123
2153,Employee 2153,Welcome123
2154,Employee 2154,Welcome123
2155,Employee 2155,Welcome123
2156,Employee 2156,Welcome123
2157,Employee 2157,Welcome123
2158,Employee 2158,Welcome123
2159,Employee 2159,Welcome123
2160,Employee 2160,Welcome123
2161,Employee 2161,Welcome123
2162,Employee 2162,Welcome123
2163,Employee 2163,Welcome123
2164,Employee 2164,Welcome123
2165,Employee 2165,Welcome123
2166,Employee 2166,Welcome123
2168,Employee 2168,Welcome123
2169,Employee 2169,Welcome123
2170,Employee 2170,Welcome123
2171,Employee 2171,Welcome123
2172,Employee 2172,Welcome123
2173,Employee 2173,Welcome123
2174,Employee 2174,Welcome123
2175,Employee 2175,Welcome123
2176,Employee 2176,Welcome123
2177,Employee 2177,Welcome123
2178,Employee 2178,Welcome123
2179,Employee 2179,Welcome123
2180,Employee 2180,Welcome123
2181,Employee 2181,Welcome123
2182,Employee 2182,Welcome123
2183,Employee 2183,Welcome123
2184,Employee 2184,Welcome123
2185,Employee 2185,Welcome123
2186,Employee 2186,Welcome123
2187,Employee 2187,Welcome123
2188,Employee 2188,Welcome123
2189,Employee 2189,Welcome123
2190,Employee 2190,Welcome123
2191,Employee 2191,Welcome123
2192,Employee 2192,Welcome123
2193,Employee 2193,Welcome123
2194,Employee 2194,Welcome123
2195,Employee 2195,Welcome123
2196,Employee 2196,Welcome123
2197,Employee 2197,Welcome123
2198,Employee 2198,Welcome123
2199,Employee 2199,Welcome123
2200,Employee 2200,Welcome123
2201,Employee 2201,Welcome123
2202,Employee 2202,Welcome123
2203,Employee 2203,Welcome123
2204,Employee 2204,Welcome123
2205,Employee 2205,Welcome123
2206,Employee 2206,Welcome123
2207,Employee 2207,Welcome123
2208,Employee 2208,Welcome123
2209,Employee 2209,Welcome123
2210,Employee 2210,Welcome123
2211,Employee 2211,Welcome123
2212,Employee 2212,Welcome123
2213,Employee 2213,Welcome123
2214,Employee 2214,Welcome123
2215,Employee 2215,Welcome123
2216,Employee 2216,Welcome123
2217,Employee 2217,Welcome123
2218,Employee 2218,Welcome123
2219,Employee 2219,Welcome123
2220,Employee 2220,Welcome123
2221,Employee 2221,Welcome123
2222,Employee 2222,Welcome123
2223,Employee 2223,Welcome123
2224,Employee 2224,Welcome123
2225,Employee 2225,Welcome123
2226,Employee 2226,Welcome123
2227,Employee 2227,Welcome123
2228,Employee 2228,Welcome123
2229,Employee 2229,Welcome123
2230,Employee 2230,Welcome123
2231,Employee 2231,Welcome123
2232,Employee 2232,Welcome123
2233,Employee 2233,Welcome123
2234,Employee 2234,Welcome123
2235,Employee 2235,Welcome123
2236,Employee 2236,Welcome123
2237,Employee 2237,Welcome123
2238,Employee 2238,Welcome123
2239,Employee 2239,Welcome123
2240,Employee 2240,Welcome123
2241,Employee 2241,Welcome123
2242,Employee 2242,Welcome123
2243,Employee 2243,Welcome123
2244,Employee 2244,Welcome123
2245,Employee 2245,Welcome123
2246,Employee 2246,Welcome123
2247,Employee 2247,Welcome123
2248,Employee 2248,Welcome123
2249,Employee 2249,Welcome123
2250,Employee 2250,Welcome123
2251,Employee 2251,Welcome123
2252,Employee 2252,Welcome123
2253,Employee 2253,Welcome123
2254,Employee 2254,Welcome123
2255,Employee 2255,Welcome123
2256,Employee 2256,Welcome123
2257,Employee 2257,Welcome123
2258,Employee 2258,Welcome123
2259,Employee 2259,Welcome123
2260,Employee 2260,Welcome123
2261,Employee 2261,Welcome123
2262,Employee 2262,Welcome123
2263,Employee 2263,Welcome123
2264,Employee 2264,Welcome123
2265,Employee 2265,Welcome123
2266,Employee 2266,Welcome123
2267,Employee 2267,Welcome123
2268,Employee 2268,Welcome123
2269,Employee 2269,Welcome123
2270,Employee 2270,Welcome123
2271,Employee 2271,Welcome123
2272,Employee 2272,Welcome123
2273,Employee 2273,Welcome123
2274,Employee 2274,Welcome123
2275,Employee 2275,Welcome123
2276,Employee 2276,Welcome123
2277,Employee 2277,Welcome123
2278,Employee 2278,Welcome123
2279,Employee 2279,Welcome123
2280,Employee 2280,Welcome123
2281,Employee 2281,Welcome123
2282,Employee 2282,Welcome123
2283,Employee 2283,Welcome123
2284,Employee 2284,Welcome123
2285,Employee 2285,Welcome123
2286,Employee 2286,Welcome123
2287,Employee 2287,Welcome123
2288,Employee 2288,Welcome123
2289,Employee 2289,Welcome123
2290,Employee 2290,Welcome123
2291,Employee 2291,Welcome123
2292,Employee 2292,Welcome123
2293,Employee 2293,Welcome123
2294,Employee 2294,Welcome123
2295,Employee 2295,Welcome123
2296,Employee 2296,Welcome123
2297,Employee 2297,Welcome123
2298,Employee 2298,Welcome123
2299,Employee 2299,Welcome123
2300,Employee 2300,Welcome123
2301,Employee 2301,Welcome123
2302,Employee 2302,Welcome123
2303,Employee 2303,Welcome123
2304,Employee 2304,Welcome123
2305,Employee 2305,Welcome123
2306,Employee 2306,Welcome123
2307,Employee 2307,Welcome123
2308,Employee 2308,Welcome123
2309,Employee 2309,Welcome123
2310,Employee 2310,Welcome123
2311,Employee 2311,Welcome123
2312,Employee 2312,Welcome123
2313,Employee 2313,Welcome123
2314,Employee 2314,Welcome123
2315,Employee 2315,Welcome123
2316,Employee 2316,Welcome123
2317,Employee 2317,Welcome123
2318,Employee 2318,Welcome123
2319,Employee 2319,Welcome123
2320,Employee 2320,Welcome123
2321,Employee 2321,Welcome123
2322,Employee 2322,Welcome123
2323,Employee 2323,Welcome123
2324,Employee 2324,Welcome123
2325,Employee 2325,Welcome123
2326,Employee 2326,Welcome123
2327,Employee 2327,Welcome123
2328,Employee 2328,Welcome123
2329,Employee 2329,Welcome123
2330,Employee 2330,Welcome123
2331,Employee 2331,Welcome123
2332,Employee 2332,Welcome123
2333,Employee 2333,Welcome123
2334,Employee 2334,Welcome123
2335,Employee 2335,Welcome123
2336,Employee 2336,Welcome123
2337,Employee 2337,Welcome123
2338,Employee 2338,Welcome123
2339,Employee 2339,Welcome123
2340,Employee 2340,Welcome123
2341,Employee 2341,Welcome123
2342,Employee 2342,Welcome123
2343,Employee 2343,Welcome123
2344,Employee 2344,Welcome123
2345,Employee 2345,Welcome123
2346,Employee 2346,Welcome123
2347,Employee 2347,Welcome123
2348,Employee 2348,Welcome123
2349,Employee 2349,Welcome123
2350,Employee 2350,Welcome123
2351,Employee 2351,Welcome123
2352,Employee 2352,Welcome123
2353,Employee 2353,Welcome123
2354,Employee 2354,Welcome123
2355,Employee 2355,Welcome123
2356,Employee 2356,Welcome123
2357,Employee 2357,Welcome123
2358,Employee 2358,Welcome123
2359,Employee 2359,Welcome123
2360,Employee 2360,Welcome123
2361,Employee 2361,Welcome123
2362,Employee 2362,Welcome123
2363,Employee 2363,Welcome123
2364,Employee 2364,Welcome123
2365,Employee 2365,Welcome123
2366,Employee 2366,Welcome123
2367,Employee 2367,Welcome123
2368,Employee 2368,Welcome123
2369,Employee 2369,Welcome123
2370,Employee 2370,Welcome123
2371,Employee 2371,Welcome123
2372,Employee 2372,Welcome123
2373,Employee 2373,Welcome123
2374,Employee 2374,Welcome123
2375,Employee 2375,Welcome123
2376,Employee 2376,Welcome123
2377,Employee 2377,Welcome123
2378,Employee 2378,Welcome123
2379,Employee 2379,Welcome123
2380,Employee 2380,Welcome123
2381,Employee 2381,Welcome123
2382,Employee 2382,Welcome123
2383,Employee 2383,Welcome123
2384,Employee 2384,Welcome123
2385,Employee 2385,Welcome123
2386,Employee 2386,Welcome123
2387,Employee 2387,Welcome123
2388,Employee 2388,Welcome123
2389,Employee 2389,Welcome123
2390,Employee 2390,Welcome123
2391,Employee 2391,Welcome123
2392,Employee 2392,Welcome123
2393,Employee 2393,Welcome123
2394,Employee 2394,Welcome123
2395,Employee 2395,Welcome123
2396,Employee 2396,Welcome123
2397,Employee 2397,Welcome123
2398,Employee 2398,Welcome123
2399,Employee 2399,Welcome123
2400,Employee 2400,Welcome123
2401,Employee 2401,Welcome123
2402,Employee 2402,Welcome123
2403,Employee 2403,Welcome123
2404,Employee 2404,Welcome123
2405,Employee 2405,Welcome123
2406,Employee 2406,Welcome123
2407,Employee 2407,Welcome123
2408,Employee 2408,Welcome123
2409,Employee 2409,Welcome123
2410,Employee 2410,Welcome123
2411,Employee 2411,Welcome123
2412,Employee 2412,Welcome123
2413,Employee 2413,Welcome123
2414,Employee 2414,Welcome123
2415,Employee 2415,Welcome123
2416,Employee 2416,Welcome123
2417,Employee 2417,Welcome123
2418,Employee 2418,Welcome123
2419,Employee 2419,Welcome123
2420,Employee 2420,Welcome123
2421,Employee 2421,Welcome123
2422,Employee 2422,Welcome123
2423,Employee 2423,Welcome123
2424,Employee 2424,Welcome123
2425,Employee 2425,Welcome123
2426,Employee 2426,Welcome123
2427,Employee 2427,Welcome123
2428,Employee 2428,Welcome123
2429,Employee 2429,Welcome123
2430,Employee 2430,Welcome123
2431,Employee 2431,Welcome123
2432,Employee 2432,Welcome123
2433,Employee 2433,Welcome123
2434,Employee 2434,Welcome123
2435,Employee 2435,Welcome123
2436,Employee 2436,Welcome123
2437,Employee 2437,Welcome123
2438,Employee 2438,Welcome123
2439,Employee 2439,Welcome123
2440,Employee 2440,Welcome123
2441,Employee 2441,Welcome123
2442,Employee 2442,Welcome123
2443,Employee 2443,Welcome123
2444,Employee 2444,Welcome123
2445,Employee 2445,Welcome123
2446,Employee 2446,Welcome123
2447,Employee 2447,Welcome123
2448,Employee 2448,Welcome123
2449,Employee 2449,Welcome123
2450,Employee 2450,Welcome123
2451,Employee 2451,Welcome123
2452,Employee 2452,Welcome123
2453,Employee 2453,Welcome123
2454,Employee 2454,Welcome123
2455,Employee 2455,Welcome123
2456,Employee 2456,Welcome123
2457,Employee 2457,Welcome123
2458,Employee 2458,Welcome123
2459,Employee 2459,Welcome123
2460,Employee 2460,Welcome123
2461,Employee 2461,Welcome123
2462,Employee 2462,Welcome123
2463,Employee 2463,Welcome123
2464,Employee 2464,Welcome123
2465,Employee 2465,Welcome123
2466,Employee 2466,Welcome123
2467,Employee 2467,Welcome123
2468,Employee 2468,Welcome123
2469,Employee 2469,Welcome123
2470,Employee 2470,Welcome123
2471,Employee 2471,Welcome123
2472,Employee 2472,Welcome123
2473,Employee 2473,Welcome123
2474,Employee 2474,Welcome123
2475,Employee 2475,Welcome123
2476,Employee 2476,Welcome123
2477,Employee 2477,Welcome123
2478,Employee 2478,Welcome123
2479,Employee 2479,Welcome123
2480,Employee 2480,Welcome123
2481,Employee 2481,Welcome123
2482,Employee 2482,Welcome123
2483,Employee 2483,Welcome123
2484,Employee 2484,Welcome123
2485,Employee 2485,Welcome123
2486,Employee 2486,Welcome123
2487,Employee 2487,Welcome123
2488,Employee 2488,Welcome123
2489,Employee 2489,Welcome123
2490,Employee 2490,Welcome123
2491,Employee 2491,Welcome123
2492,Employee 2492,Welcome123
2493,Employee 2493,Welcome123
2494,Employee 2494,Welcome123
2495,Employee 2495,Welcome123
2496,Employee 2496,Welcome123
2497,Employee 2497,Welcome123
2498,Employee 2498,Welcome123
2499,Employee 2499,Welcome123
2500,Employee 2500,Welcome123
2501,Employee 2501,Welcome123
2502,Employee 2502,Welcome123
2503,Employee 2503,Welcome123
2504,Employee 2504,Welcome123
2505,Employee 2505,Welcome123
2506,Employee 2506,Welcome123
2507,Employee 2507,Welcome123
2508,Employee 2508,Welcome123
2509,Employee 2509,Welcome123
2510,Employee 2510,Welcome123
2511,Employee 2511,Welcome123
2512,Employee 2512,Welcome123
2513,Employee 2513,Welcome123
2514,Employee 2514,Welcome123
2515,Employee 2515,Welcome123
2516,Employee 2516,Welcome123
2517,Employee 2517,Welcome123
2518,Employee 2518,Welcome123
2519,Employee 2519,Welcome123
2520,Employee 2520,Welcome123
2521,Employee 2521,Welcome123
2522,Employee 2522,Welcome123
2523,Employee 2523,Welcome123
2524,Employee 2524,Welcome123
2525,Employee 2525,Welcome123
2526,Employee 2526,Welcome123
2527,Employee 2527,Welcome123
2528,Employee 2528,Welcome123
2529,Employee 2529,Welcome123
2530,Employee 2530,Welcome123
2531,Employee 2531,Welcome123
2532,Employee 2532,Welcome123
2533,Employee 2533,Welcome123
2534,Employee 2534,Welcome123
2535,Employee 2535,Welcome123
2536,Employee 2536,Welcome123
2537,Employee 2537,Welcome123
2538,Employee 2538,Welcome123
2539,Employee 2539,Welcome123
2540,Employee 2540,Welcome123
2541,Employee 2541,Welcome123
2542,Employee 2542,Welcome123
2543,Employee 2543,Welcome123
2544,Employee 2544,Welcome123
2545,Employee 2545,Welcome123
2546,Employee 2546,Welcome123
2547,Employee 2547,Welcome123
2548,Employee 2548,Welcome123
2549,Employee 2549,Welcome123
2550,Employee 2550,Welcome123
2551,Employee 2551,Welcome123
2552,Employee 2552,Welcome123
2553,Employee 2553,Welcome123
2554,Employee 2554,Welcome123
2555,Employee 2555,Welcome123
2556,Employee 2556,Welcome123
2557,Employee 2557,Welcome123
2558,Employee 2558,Welcome123
2559,Employee 2559,Welcome123
2560,Employee 2560,Welcome123
2561,Employee 2561,Welcome123
2562,Employee 2562,Welcome123
2563,Employee 2563,Welcome123
2564,Employee 2564,Welcome123
2565,Employee 2565,Welcome123
2566,Employee 2566,Welcome123
2567,Employee 2567,Welcome123
2568,Employee 2568,Welcome123
2569,Employee 2569,Welcome123
2570,Employee 2570,Welcome123
2571,Employee 2571,Welcome123
2572,Employee 2572,Welcome123
2573,Employee 2573,Welcome123
2574,Employee 2574,Welcome123
2575,Employee 2575,Welcome123
2576,Employee 2576,Welcome123
2577,Employee 2577,Welcome123
2578,Employee 2578,Welcome123
2579,Employee 2579,Welcome123
2580,Employee 2580,Welcome123
2581,Employee 2581,Welcome123
2582,Employee 2582,Welcome123
2583,Employee 2583,Welcome123
2584,Employee 2584,Welcome123
2585,Employee 2585,Welcome123
2586,Employee 2586,Welcome123
2587,Employee 2587,Welcome123
2588,Employee 2588,Welcome123
2589,Employee 2589,Welcome123
2590,Employee 2590,Welcome123
2591,Employee 2591,Welcome123
2592,Employee 2592,Welcome123
2593,Employee 2593,Welcome123
2594,Employee 2594,Welcome123
2595,Employee 2595,Welcome123
2596,Employee 2596,Welcome123
2597,Employee 2597,Welcome123
2598,Employee 2598,Welcome123
2599,Employee 2599,Welcome123
2600,Employee 2600,Welcome123
2601,Employee 2601,Welcome123
2602,Employee 2602,Welcome123
2603,Employee 2603,Welcome123
2604,Employee 2604,Welcome123
2605,Employee 2605,Welcome123
2606,Employee 2606,Welcome123
2607,Employee 2607,Welcome123
2608,Employee 2608,Welcome123
2609,Employee 2609,Welcome123
2610,Employee 2610,Welcome123
2611,Employee 2611,Welcome123
2612,Employee 2612,Welcome123
2613,Employee 2613,Welcome123
2614,Employee 2614,Welcome123
2615,Employee 2615,Welcome123
2616,Employee 2616,Welcome123
2617,Employee 2617,Welcome123
2618,Employee 2618,Welcome123
2619,Employee 2619,Welcome123
2620,Employee 2620,Welcome123
2621,Employee 2621,Welcome123
2622,Employee 2622,Welcome123
2623,Employee 2623,Welcome123
2624,Employee 2624,Welcome123
2625,Employee 2625,Welcome123
2626,Employee 2626,Welcome123
2627,Employee 2627,Welcome123
2628,Employee 2628,Welcome123
2629,Employee 2629,Welcome123
2630,Employee 2630,Welcome123
2631,Employee 2631,Welcome123
2632,Employee 2632,Welcome123
2633,Employee 2633,Welcome123
2634,Employee 2634,Welcome123
2635,Employee 2635,Welcome123
2636,Employee 2636,Welcome123
2637,Employee 2637,Welcome123
2638,Employee 2638,Welcome123
2639,Employee 2639,Welcome123
2640,Employee 2640,Welcome123
2641,Employee 2641,Welcome123
2642,Employee 2642,Welcome123
2643,Employee 2643,Welcome123
2644,Employee 2644,Welcome123
2645,Employee 2645,Welcome123
2646,Employee 2646,Welcome123
2647,Employee 2647,Welcome123
2648,Employee 2648,Welcome123
2649,Employee 2649,Welcome123
2650,Employee 2650,Welcome123
2651,Employee 2651,Welcome123
2652,Employee 2652,Welcome123
2653,Employee 2653,Welcome123
2654,Employee 2654,Welcome123
2655,Employee 2655,Welcome123
2656,Employee 2656,Welcome123
2657,Employee 2657,Welcome123
2658,Employee 2658,Welcome123
2659,Employee 2659,Welcome123
2660,Employee 2660,Welcome123
2661,Employee 2661,Welcome123
2662,Employee 2662,Welcome123
2663,Employee 2663,Welcome123
2664,Employee 2664,Welcome123
2665,Employee 2665,Welcome123
2666,Employee 2666,Welcome123
2667,Employee 2667,Welcome123
2668,Employee 2668,Welcome123
2669,Employee 2669,Welcome123
2670,Employee 2670,Welcome123
2671,Employee 2671,Welcome123
2672,Employee 2672,Welcome123
2673,Employee 2673,Welcome123
2674,Employee 2674,Welcome123
2675,Employee 2675,Welcome123
2676,Employee 2676,Welcome123
2677,Employee 2677,Welcome123
2678,Employee 2678,Welcome123
2679,Employee 2679,Welcome123
2680,Employee 2680,Welcome123
2681,Employee 2681,Welcome123
2682,Employee 2682,Welcome123
2683,Employee 2683,Welcome123
2684,Employee 2684,Welcome123
2685,Employee 2685,Welcome123
2686,Employee 2686,Welcome123
2687,Employee 2687,Welcome123
2688,Employee 2688,Welcome123
2689,Employee 2689,Welcome123
2690,Employee 2690,Welcome123
2691,Employee 2691,Welcome123
2692,Employee 2692,Welcome123
2693,Employee 2693,Welcome123
2694,Employee 2694,Welcome123
2695,Employee 2695,Welcome123
2696,Employee 2696,Welcome123
2697,Employee 2697,Welcome123
2698,Employee 2698,Welcome123
2699,Employee 2699,Welcome123
2700,Employee 2700,Welcome123
2701,Employee 2701,Welcome123
2702,Employee 2702,Welcome123
2703,Employee 2703,Welcome123
2704,Employee 2704,Welcome123
2705,Employee 2705,Welcome123
2706,Employee 2706,Welcome123
2707,Employee 2707,Welcome123
2708,Employee 2708,Welcome123
2709,Employee 2709,Welcome123
2710,Employee 2710,Welcome123
2711,Employee 2711,Welcome123
2712,Employee 2712,Welcome123
2713,Employee 2713,Welcome123
2714,Employee 2714,Welcome123
2715,Employee 2715,Welcome123
2716,Employee 2716,Welcome123
2717,Employee 2717,Welcome123
2718,Employee 2718,Welcome123
2719,Employee 2719,Welcome123
2720,Employee 2720,Welcome123
2721,Employee 2721,Welcome123
2722,Employee 2722,Welcome123
2723,Employee 2723,Welcome123
2724,Employee 2724,Welcome123
2725,Employee 2725,Welcome123
2726,Employee 2726,Welcome123
2727,Employee 2727,Welcome123
2728,Employee 2728,Welcome123
2729,Employee 2729,Welcome123
2730,Employee 2730,Welcome123
2731,Employee 2731,Welcome123
2732,Employee 2732,Welcome123
2733,Employee 2733,Welcome123
2734,Employee 2734,Welcome123
2735,Employee 2735,Welcome123
2736,Employee 2736,Welcome123
2737,Employee 2737,Welcome123
2738,Employee 2738,Welcome123
2739,Employee 2739,Welcome123
2740,Employee 2740,Welcome123
2741,Employee 2741,Welcome123
2742,Employee 2742,Welcome123
2743,Employee 2743,Welcome123
2744,Employee 2744,Welcome123
2745,Employee 2745,Welcome123
2746,Employee 2746,Welcome123
2747,Employee 2747,Welcome123
2748,Employee 2748,Welcome123
2749,Employee 2749,Welcome123
2750,Employee 2750,Welcome123
2752,Employee 2752,Welcome123
2753,Employee 2753,Welcome123
2754,Employee 2754,Welcome123
2755,Employee 2755,Welcome123
2756,Employee 2756,Welcome123
2758,Employee 2758,Welcome123
2759,Employee 2759,Welcome123
2760,Employee 2760,Welcome123
2761,Employee 2761,Welcome123
2762,Employee 2762,Welcome123
2763,Employee 2763,Welcome123
2764,Employee 2764,Welcome123
2765,Employee 2765,Welcome123
2766,Employee 2766,Welcome123
2767,Employee 2767,Welcome123
2768,Employee 2768,Welcome123
2769,Employee 2769,Welcome123
2770,Employee 2770,Welcome123
2771,Employee 2771,Welcome123
2772,Employee 2772,Welcome123
2773,Employee 2773,Welcome123
2774,Employee 2774,Welcome123
2775,Employee 2775,Welcome123
2776,Employee 2776,Welcome123
2777,Employee 2777,Welcome123
2778,Employee 2778,Welcome123
2779,Employee 2779,Welcome123
2780,Employee 2780,Welcome123
2781,Employee 2781,Welcome123
2782,Employee 2782,Welcome123
2783,Employee 2783,Welcome123
2784,Employee 2784,Welcome123
2785,Employee 2785,Welcome123
2786,Employee 2786,Welcome123
2787,Employee 2787,Welcome123
2788,Employee 2788,Welcome123
2789,Employee 2789,Welcome123
2790,Employee 2790,Welcome123
2791,Employee 2791,Welcome123
2792,Employee 2792,Welcome123
2793,Employee 2793,Welcome123
2794,Employee 2794,Welcome123
2795,Employee 2795,Welcome123
2796,Employee 2796,Welcome123
2797,Employee 2797,Welcome123
2798,Employee 2798,Welcome123
2799,Employee 2799,Welcome123
2800,Employee 2800,Welcome123
2801,Employee 2801,Welcome123
2802,Employee 2802,Welcome123
2803,Employee 2803,Welcome123
2804,Employee 2804,Welcome123
2805,Employee 2805,Welcome123
2806,Employee 2806,Welcome123
2807,Employee 2807,Welcome123
2808,Employee 2808,Welcome123
2809,Employee 2809,Welcome123
2810,Employee 2810,Welcome123
2811,Employee 2811,Welcome123
2812,Employee 2812,Welcome123
2813,Employee 2813,Welcome123
2814,Employee 2814,Welcome123
2815,Employee 2815,Welcome123
2816,Employee 2816,Welcome123
2817,Employee 2817,Welcome123
2818,Employee 2818,Welcome123
2819,Employee 2819,Welcome123
2820,Employee 2820,Welcome123
2821,Employee 2821,Welcome123
2822,Employee 2822,Welcome123
2823,Employee 2823,Welcome123
2824,Employee 2824,Welcome123
2825,Employee 2825,Welcome123
2827,Employee 2827,Welcome123
2828,Employee 2828,Welcome123
2829,Employee 2829,Welcome123
2830,Employee 2830,Welcome123
2831,Employee 2831,Welcome123
2832,Employee 2832,Welcome123
2833,Employee 2833,Welcome123
2834,Employee 2834,Welcome123
2835,Employee 2835,Welcome123
2836,Employee 2836,Welcome123
2837,Employee 2837,Welcome123
2838,Employee 2838,Welcome123
2839,Employee 2839,Welcome123
2840,Employee 2840,Welcome123
2841,Employee 2841,Welcome123
2842,Employee 2842,Welcome123
2843,Employee 2843,Welcome123
2845,Employee 2845,Welcome123
2846,Employee 2846,Welcome123
2848,Employee 2848,Welcome123
2849,Employee 2849,Welcome123
2850,Employee 2850,Welcome123
2851,Employee 2851,Welcome123
2852,Employee 2852,Welcome123
2853,Employee 2853,Welcome123
2854,Employee 2854,Welcome123
2855,Employee 2855,Welcome123
2856,Employee 2856,Welcome123
2857,Employee 2857,Welcome123
2858,Employee 2858,Welcome123
2859,Employee 2859,Welcome123
2860,Employee 2860,Welcome123
2861,Employee 2861,Welcome123
2862,Employee 2862,Welcome123
2863,Employee 2863,Welcome123
2864,Employee 2864,Welcome123
2865,Employee 2865,Welcome123
2866,Employee 2866,Welcome123
2867,Employee 2867,Welcome123
2868,Employee 2868,Welcome123
2869,Employee 2869,Welcome123
2870,Employee 2870,Welcome123
2871,Employee 2871,Welcome123
2872,Employee 2872,Welcome123
2873,Employee 2873,Welcome123
2874,Employee 2874,Welcome123
2875,Employee 2875,Welcome123
2876,Employee 2876,Welcome123
2877,Employee 2877,Welcome123
2878,Employee 2878,Welcome123
2879,Employee 2879,Welcome123
2880,Employee 2880,Welcome123
2881,Employee 2881,Welcome123
2882,Employee 2882,Welcome123
2883,Employee 2883,Welcome123
2884,Employee 2884,Welcome123
2886,Employee 2886,Welcome123
2887,Employee 2887,Welcome123
2890,Employee 2890,Welcome123
2891,Employee 2891,Welcome123
2892,Employee 2892,Welcome123
2893,Employee 2893,Welcome123
2894,Employee 2894,Welcome123
2895,Employee 2895,Welcome123
2896,Employee 2896,Welcome123
2897,Employee 2897,Welcome123
2898,Employee 2898,Welcome123
2899,Employee 2899,Welcome123
2900,Employee 2900,Welcome123
2901,Employee 2901,Welcome123
2902,Employee 2902,Welcome123
2903,Employee 2903,Welcome123
2904,Employee 2904,Welcome123
2905,Employee 2905,Welcome123
2906,Employee 2906,Welcome123
2907,Employee 2907,Welcome123
2908,Employee 2908,Welcome123
2909,Employee 2909,Welcome123
2910,Employee 2910,Welcome123
2911,Employee 2911,Welcome123
2912,Employee 2912,Welcome123
2913,Employee 2913,Welcome123
2914,Employee 2914,Welcome123
2915,Employee 2915,Welcome123
2916,Employee 2916,Welcome123
2917,Employee 2917,Welcome123
2918,Employee 2918,Welcome123
2919,Employee 2919,Welcome123
2920,Employee 2920,Welcome123
2921,Employee 2921,Welcome123
2922,Employee 2922,Welcome123
2923,Employee 2923,Welcome123
2924,Employee 2924,Welcome123
2925,Employee 2925,Welcome123
2928,Employee 2928,Welcome123
2929,Employee 2929,Welcome123
2930,Employee 2930,Welcome123
2931,Employee 2931,Welcome123
2932,Employee 2932,Welcome123
2933,Employee 2933,Welcome123
2934,Employee 2934,Welcome123
2935,Employee 2935,Welcome123
2936,Employee 2936,Welcome123
2937,Employee 2937,Welcome123
2938,Employee 2938,Welcome123
2939,Employee 2939,Welcome123
2940,Employee 2940,Welcome123
2941,Employee 2941,Welcome123
2942,Employee 2942,Welcome123
2943,Employee 2943,Welcome123
2944,Employee 2944,Welcome123
2945,Employee 2945,Welcome123
2946,Employee 2946,Welcome123
2947,Employee 2947,Welcome123
2950,Employee 2950,Welcome123
2951,Employee 2951,Welcome123
2952,Employee 2952,Welcome123
2953,Employee 2953,Welcome123
2954,Employee 2954,Welcome123
2955,Employee 2955,Welcome123
2956,Employee 2956,Welcome123
2957,Employee 2957,Welcome123
2958,Employee 2958,Welcome123
2959,Employee 2959,Welcome123
2960,Employee 2960,Welcome123
2961,Employee 2961,Welcome123
2962,Employee 2962,Welcome123
2963,Employee 2963,Welcome123
2964,Employee 2964,Welcome123
2965,Employee 2965,Welcome123
2966,Employee 2966,Welcome123
2967,Employee 2967,Welcome123
2968,Employee 2968,Welcome123
2969,Employee 2969,Welcome123
2970,Employee 2970,Welcome123
2971,Employee 2971,Welcome123
2972,Employee 2972,Welcome123
2973,Employee 2973,Welcome123
2974,Employee 2974,Welcome123
2975,Employee 2975,Welcome123
2977,Employee 2977,Welcome123
2978,Employee 2978,Welcome123
2979,Employee 2979,Welcome123
2980,Employee 2980,Welcome123
2981,Employee 2981,Welcome123
2982,Employee 2982,Welcome123
2983,Employee 2983,Welcome123
2984,Employee 2984,Welcome123
2985,Employee 2985,Welcome123
2986,Employee 2986,Welcome123
2987,Employee 2987,Welcome123
2988,Employee 2988,Welcome123
2989,Employee 2989,Welcome123
2990,Employee 2990,Welcome123
2991,Employee 2991,Welcome123
2992,Employee 2992,Welcome123
2993,Employee 2993,Welcome123
2994,Employee 2994,Welcome123
2995,Employee 2995,Welcome123
2996,Employee 2996,Welcome123
2997,Employee 2997,Welcome123
2998,Employee 2998,Welcome123
2999,Employee 2999,Welcome123
3000,Employee 3000,Welcome123
3001,Employee 3001,Welcome123
3002,Employee 3002,Welcome123
3003,Employee 3003,Welcome123
3004,Employee 3004,Welcome123
3005,Employee 3005,Welcome123
3006,Employee 3006,Welcome123
3007,Employee 3007,Welcome123
3008,Employee 3008,Welcome123
3009,Employee 3009,Welcome123
3013,Employee 3013,Welcome123
3014,Employee 3014,Welcome123
3015,Employee 3015,Welcome123
3016,Employee 3016,Welcome123
3017,Employee 3017,Welcome123
3018,Employee 3018,Welcome123
3019,Employee 3019,Welcome123
3020,Employee 3020,Welcome123
3021,Employee 3021,Welcome123
3022,Employee 3022,Welcome123
3023,Employee 3023,Welcome123
3024,Employee 3024,Welcome123
3025,Employee 3025,Welcome123
3026,Employee 3026,Welcome123
3027,Employee 3027,Welcome123
3028,Employee 3028,Welcome123
3029,Employee 3029,Welcome123
3030,Employee 3030,Welcome123
3031,Employee 3031,Welcome123
3034,Employee 3034,Welcome123
3035,Employee 3035,Welcome123
3036,Employee 3036,Welcome123
3037,Employee 3037,Welcome123
3038,Employee 3038,Welcome123
3039,Employee 3039,Welcome123
3040,Employee 3040,Welcome123
3041,Employee 3041,Welcome123
3042,Employee 3042,Welcome123
3043,Employee 3043,Welcome123
3044,Employee 3044,Welcome123
3045,Employee 3045,Welcome123
3046,Employee 3046,Welcome123
3047,Employee 3047,Welcome123
3048,Employee 3048,Welcome123
3049,Employee 3049,Welcome123
3050,Employee 3050,Welcome123
3051,Employee 3051,Welcome123
3052,Employee 3052,Welcome123
3053,Employee 3053,Welcome123
3054,Employee 3054,Welcome123
3056,Employee 3056,Welcome123
3059,Employee 3059,Welcome123
3060,Employee 3060,Welcome123
3061,Employee 3061,Welcome123
3062,Employee 3062,Welcome123
3063,Employee 3063,Welcome123
3064,Employee 3064,Welcome123
3065,Employee 3065,Welcome123
3066,Employee 3066,Welcome123
3067,Employee 3067,Welcome123
3068,Employee 3068,Welcome123
3069,Employee 3069,Welcome123
3070,Employee 3070,Welcome123
3071,Employee 3071,Welcome123
3072,Employee 3072,Welcome123
3073,Employee 3073,Welcome123
3074,Employee 3074,Welcome123
3075,Employee 3075,Welcome123
3076,Employee 3076,Welcome123
3077,Employee 3077,Welcome123
3078,Employee 3078,Welcome123
3081,Employee 3081,Welcome123
3082,Employee 3082,Welcome123
3083,Employee 3083,Welcome123
3084,Employee 3084,Welcome123
3085,Employee 3085,Welcome123
3086,Employee 3086,Welcome123
3087,Employee 3087,Welcome123
3088,Employee 3088,Welcome123
3089,Employee 3089,Welcome123
3090,Employee 3090,Welcome123
3091,Employee 3091,Welcome123
3092,Employee 3092,Welcome123
3093,Employee 3093,Welcome123
3094,Employee 3094,Welcome123
3095,Employee 3095,Welcome123
3096,Employee 3096,Welcome123
3097,Employee 3097,Welcome123
3098,Employee 3098,Welcome123
3099,Employee 3099,Welcome123
3100,Employee 3100,Welcome123
3101,Employee 3101,Welcome123
3104,Employee 3104,Welcome123
3105,Employee 3105,Welcome123
3106,Employee 3106,Welcome123
3107,Employee 3107,Welcome123
3108,Employee 3108,Welcome123
3109,Employee 3109,Welcome123
3110,Employee 3110,Welcome123
3111,Employee 3111,Welcome123
3112,Employee 3112,Welcome123
3113,Employee 3113,Welcome123
3114,Employee 3114,Welcome123
3115,Employee 3115,Welcome123
3116,Employee 3116,Welcome123
3117,Employee 3117,Welcome123
3118,Employee 3118,Welcome123
3119,Employee 3119,Welcome123
3120,Employee 3120,Welcome123
3121,Employee 3121,Welcome123
3123,Employee 3123,Welcome123
3126,Employee 3126,Welcome123
3127,Employee 3127,Welcome123
3128,Employee 3128,Welcome123
3129,Employee 3129,Welcome123
3130,Employee 3130,Welcome123
3131,Employee 3131,Welcome123
3132,Employee 3132,Welcome123
3133,Employee 3133,Welcome123
3134,Employee 3134,Welcome123
3135,Employee 3135,Welcome123
3136,Employee 3136,Welcome123
3137,Employee 3137,Welcome123
3138,Employee 3138,Welcome123
3139,Employee 3139,Welcome123
3140,Employee 3140,Welcome123
3141,Employee 3141,Welcome123
3142,Employee 3142,Welcome123
3143,Employee 3143,Welcome123
3144,Employee 3144,Welcome123
3146,Employee 3146,Welcome123
3147,Employee 3147,Welcome123
3148,Employee 3148,Welcome123
3149,Employee 3149,Welcome123
3150,Employee 3150,Welcome123
3151,Employee 3151,Welcome123
3152,Employee 3152,Welcome123
3153,Employee 3153,Welcome123
3154,Employee 3154,Welcome123
3155,Employee 3155,Welcome123
3156,Employee 3156,Welcome123
3157,Employee 3157,Welcome123
3158,Employee 3158,Welcome123
3159,Employee 3159,Welcome123
3160,Employee 3160,Welcome123
3161,Employee 3161,Welcome123
3162,Employee 3162,Welcome123
3163,Employee 3163,Welcome123
3164,Employee 3164,Welcome123
3165,Employee 3165,Welcome123
3166,Employee 3166,Welcome123
3167,Employee 3167,Welcome123
3169,Employee 3169,Welcome123
3170,Employee 3170,Welcome123
3171,Employee 3171,Welcome123
3172,Employee 3172,Welcome123
3173,Employee 3173,Welcome123
3174,Employee 3174,Welcome123
3175,Employee 3175,Welcome123
3176,Employee 3176,Welcome123
3177,Employee 3177,Welcome123
3178,Employee 3178,Welcome123
3179,Employee 3179,Welcome123
3180,Employee 3180,Welcome123
3181,Employee 3181,Welcome123
3182,Employee 3182,Welcome123
3183,Employee 3183,Welcome123
3184,Employee 3184,Welcome123
3185,Employee 3185,Welcome123
3186,Employee 3186,Welcome123
3187,Employee 3187,Welcome123
3188,Employee 3188,Welcome123
3189,Employee 3189,Welcome123
3190,Employee 3190,Welcome123
3191,Employee 3191,Welcome123
3192,Employee 3192,Welcome123
3193,Employee 3193,Welcome123
3194,Employee 3194,Welcome123
3195,Employee 3195,Welcome123
3196,Employee 3196,Welcome123
3197,Employee 3197,Welcome123
3198,Employee 3198,Welcome123
3199,Employee 3199,Welcome123
3200,Employee 3200,Welcome123
3201,Employee 3201,Welcome123
3202,Employee 3202,Welcome123
3203,Employee 3203,Welcome123
3204,Employee 3204,Welcome123
3206,Employee 3206,Welcome123
3207,Employee 3207,Welcome123
3208,Employee 3208,Welcome123
3209,Employee 3209,Welcome123
3210,Employee 3210,Welcome123
3211,Employee 3211,Welcome123
3212,Employee 3212,Welcome123
3213,Employee 3213,Welcome123
3214,Employee 3214,Welcome123
3215,Employee 3215,Welcome123
3216,Employee 3216,Welcome123
3217,Employee 3217,Welcome123
3218,Employee 3218,Welcome123
3219,Employee 3219,Welcome123
3220,Employee 3220,Welcome123
3221,Employee 3221,Welcome123
3222,Employee 3222,Welcome123
3223,Employee 3223,Welcome123
3224,Employee 3224,Welcome123
3225,Employee 3225,Welcome123
3226,Employee 3226,Welcome123
3228,Employee 3228,Welcome123
3229,Employee 3229,Welcome123
3231,Employee 3231,Welcome123
3234,Employee 3234,Welcome123
3235,Employee 3235,Welcome123
3236,Employee 3236,Welcome123
3237,Employee 3237,Welcome123
3238,Employee 3238,Welcome123
3239,Employee 3239,Welcome123
3240,Employee 3240,Welcome123
3241,Employee 3241,Welcome123
3242,Employee 3242,Welcome123
3243,Employee 3243,Welcome123
3244,Employee 3244,Welcome123
3245,Employee 3245,Welcome123
3246,Employee 3246,Welcome123
3247,Employee 3247,Welcome123
3248,Employee 3248,Welcome123
3249,Employee 3249,Welcome123
3250,Employee 3250,Welcome123
3251,Employee 3251,Welcome123
3252,Employee 3252,Welcome123
3255,Employee 3255,Welcome123
3256,Employee 3256,Welcome123
3257,Employee 3257,Welcome123
3258,Employee 3258,Welcome123
3259,Employee 3259,Welcome123
3260,Employee 3260,Welcome123
3262,Employee 3262,Welcome123
3263,Employee 3263,Welcome123
3264,Employee 3264,Welcome123
3265,Employee 3265,Welcome123
3266,Employee 3266,Welcome123
3267,Employee 3267,Welcome123
3268,Employee 3268,Welcome123
3269,Employee 3269,Welcome123
3270,Employee 3270,Welcome123
3271,Employee 3271,Welcome123
3272,Employee 3272,Welcome123
3273,Employee 3273,Welcome123
3275,Employee 3275,Welcome123
3276,Employee 3276,Welcome123
3277,Employee 3277,Welcome123
3278,Employee 3278,Welcome123
3279,Employee 3279,Welcome123
3280,Employee 3280,Welcome123
3281,Employee 3281,Welcome123
3282,Employee 3282,Welcome123
3283,Employee 3283,Welcome123
3284,Employee 3284,Welcome123
3285,Employee 3285,Welcome123
3286,Employee 3286,Welcome123
3287,Employee 3287,Welcome123
3288,Employee 3288,Welcome123
3289,Employee 3289,Welcome123
3290,Employee 3290,Welcome123
3291,Employee 3291,Welcome123
3292,Employee 3292,Welcome123
3293,Employee 3293,Welcome123
3295,Employee 3295,Welcome123
3298,Employee 3298,Welcome123
3299,Employee 3299,Welcome123
3300,Employee 3300,Welcome123
3301,Employee 3301,Welcome123
3303,Employee 3303,Welcome123
3304,Employee 3304,Welcome123
3305,Employee 3305,Welcome123
3306,Employee 3306,Welcome123
3307,Employee 3307,Welcome123
3308,Employee 3308,Welcome123
3309,Employee 3309,Welcome123
3310,Employee 3310,Welcome123
3311,Employee 3311,Welcome123
3312,Employee 3312,Welcome123
3313,Employee 3313,Welcome123
3314,Employee 3314,Welcome123
3315,Employee 3315,Welcome123
3317,Employee 3317,Welcome123
3319,Employee 3319,Welcome123
3320,Employee 3320,Welcome123
3321,Employee 3321,Welcome123
3322,Employee 3322,Welcome123
3325,Employee 3325,Welcome123
3326,Employee 3326,Welcome123
3327,Employee 3327,Welcome123
3328,Employee 3328,Welcome123
3329,Employee 3329,Welcome123
3330,Employee 3330,Welcome123
3331,Employee 3331,Welcome123
3332,Employee 3332,Welcome123
3333,Employee 3333,Welcome123
3334,Employee 3334,Welcome123
3335,Employee 3335,Welcome123
3336,Employee 3336,Welcome123
3337,Employee 3337,Welcome123
3338,Employee 3338,Welcome123
3339,Employee 3339,Welcome123
3340,Employee 3340,Welcome123
3341,Employee 3341,Welcome123
3342,Employee 3342,Welcome123
3343,Employee 3343,Welcome123
3344,Employee 3344,Welcome123
3345,Employee 3345,Welcome123
3348,Employee 3348,Welcome123
3349,Employee 3349,Welcome123
3350,Employee 3350,Welcome123
3351,Employee 3351,Welcome123
3352,Employee 3352,Welcome123
3353,Employee 3353,Welcome123
3354,Employee 3354,Welcome123
3355,Employee 3355,Welcome123
3356,Employee 3356,Welcome123
3357,Employee 3357,Welcome123
3359,Employee 3359,Welcome123
3360,Employee 3360,Welcome123
3361,Employee 3361,Welcome123
3362,Employee 3362,Welcome123
3363,Employee 3363,Welcome123
3364,Employee 3364,Welcome123
3365,Employee 3365,Welcome123
3366,Employee 3366,Welcome123
3367,Employee 3367,Welcome123
3370,Employee 3370,Welcome123
3371,Employee 3371,Welcome123
3372,Employee 3372,Welcome123
3373,Employee 3373,Welcome123
3374,Employee 3374,Welcome123
3375,Employee 3375,Welcome123
3376,Employee 3376,Welcome123
3377,Employee 3377,Welcome123
3378,Employee 3378,Welcome123
3380,Employee 3380,Welcome123
3381,Employee 3381,Welcome123
3382,Employee 3382,Welcome123
3383,Employee 3383,Welcome123
3384,Employee 3384,Welcome123
3385,Employee 3385,Welcome123
3386,Employee 3386,Welcome123
3387,Employee 3387,Welcome123
3388,Employee 3388,Welcome123
3389,Employee 3389,Welcome123
3391,Employee 3391,Welcome123
3392,Employee 3392,Welcome123
3393,Employee 3393,Welcome123
3394,Employee 3394,Welcome123
3395,Employee 3395,Welcome123
3396,Employee 3396,Welcome123
3397,Employee 3397,Welcome123
3398,Employee 3398,Welcome123
3399,Employee 3399,Welcome123
3400,Employee 3400,Welcome123
3402,Employee 3402,Welcome123
3403,Employee 3403,Welcome123
3406,Employee 3406,Welcome123
3407,Employee 3407,Welcome123
3408,Employee 3408,Welcome123
3409,Employee 3409,Welcome123
3410,Employee 3410,Welcome123
3411,Employee 3411,Welcome123
3412,Employee 3412,Welcome123
3413,Employee 3413,Welcome123
3414,Employee 3414,Welcome123
3415,Employee 3415,Welcome123
3416,Employee 3416,Welcome123
3417,Employee 3417,Welcome123
3418,Employee 3418,Welcome123
3419,Employee 3419,Welcome123
3420,Employee 3420,Welcome123
3421,Employee 3421,Welcome123
3423,Employee 3423,Welcome123
3424,Employee 3424,Welcome123
3425,Employee 3425,Welcome123
3426,Employee 3426,Welcome123
3427,Employee 3427,Welcome123
3428,Employee 3428,Welcome123
3429,Employee 3429,Welcome123
3430,Employee 3430,Welcome123
3431,Employee 3431,Welcome123
3432,Employee 3432,Welcome123
3433,Employee 3433,Welcome123
3434,Employee 3434,Welcome123
3435,Employee 3435,Welcome123
3436,Employee 3436,Welcome123
3437,Employee 3437,Welcome123
3438,Employee 3438,Welcome123
3439,Employee 3439,Welcome123
3440,Employee 3440,Welcome123
3441,Employee 3441,Welcome123
3442,Employee 3442,Welcome123
3443,Employee 3443,Welcome123
3444,Employee 3444,Welcome123
3445,Employee 3445,Welcome123
3446,Employee 3446,Welcome123
3450,Employee 3450,Welcome123
3451,Employee 3451,Welcome123
3452,Employee 3452,Welcome123
3453,Employee 3453,Welcome123
3454,Employee 3454,Welcome123
3455,Employee 3455,Welcome123
3456,Employee 3456,Welcome123
3457,Employee 3457,Welcome123
3460,Employee 3460,Welcome123
3462,Employee 3462,Welcome123
3463,Employee 3463,Welcome123
3464,Employee 3464,Welcome123
3465,Employee 3465,Welcome123
3466,Employee 3466,Welcome123
3467,Employee 3467,Welcome123
3468,Employee 3468,Welcome123
3471,Employee 3471,Welcome123
3472,Employee 3472,Welcome123
3473,Employee 3473,Welcome123
3474,Employee 3474,Welcome123
3475,Employee 3475,Welcome123
3476,Employee 3476,Welcome123
3477,Employee 3477,Welcome123
3478,Employee 3478,Welcome123
3479,Employee 3479,Welcome123
3483,Employee 3483,Welcome123
3484,Employee 3484,Welcome123
3485,Employee 3485,Welcome123
3486,Employee 3486,Welcome123
3487,Employee 3487,Welcome123
3488,Employee 3488,Welcome123
3489,Employee 3489,Welcome123
3490,Employee 3490,Welcome123
3491,Employee 3491,Welcome123
3492,Employee 3492,Welcome123
3493,Employee 3493,Welcome123
3494,Employee 3494,Welcome123
3495,Employee 3495,Welcome123
3496,Employee 3496,Welcome123
3497,Employee 3497,Welcome123
3498,Employee 3498,Welcome123
3499,Employee 3499,Welcome123
3500,Employee 3500,Welcome123
3502,Employee 3502,Welcome123
3503,Employee 3503,Welcome123
3504,Employee 3504,Welcome123
3505,Employee 3505,Welcome123
3506,Employee 3506,Welcome123
3507,Employee 3507,Welcome123
3508,Employee 3508,Welcome123
3509,Employee 3509,Welcome123
3510,Employee 3510,Welcome123
3511,Employee 3511,Welcome123
3514,Employee 3514,Welcome123
3516,Employee 3516,Welcome123
3517,Employee 3517,Welcome123
3518,Employee 3518,Welcome123
3519,Employee 3519,Welcome123
3520,Employee 3520,Welcome123
3521,Employee 3521,Welcome123
3522,Employee 3522,Welcome123
3523,Employee 3523,Welcome123
3526,Employee 3526,Welcome123
3527,Employee 3527,Welcome123
3528,Employee 3528,Welcome123
3529,Employee 3529,Welcome123
3530,Employee 3530,Welcome123
3531,Employee 3531,Welcome123
3532,Employee 3532,Welcome123
3533,Employee 3533,Welcome123
3534,Employee 3534,Welcome123
3535,Employee 3535,Welcome123
3536,Employee 3536,Welcome123
3539,Employee 3539,Welcome123
3540,Employee 3540,Welcome123
3541,Employee 3541,Welcome123
3542,Employee 3542,Welcome123
3543,Employee 3543,Welcome123
3544,Employee 3544,Welcome123
3545,Employee 3545,Welcome123
3546,Employee 3546,Welcome123
3547,Employee 3547,Welcome123
3548,Employee 3548,Welcome123
3549,Employee 3549,Welcome123
3551,Employee 3551,Welcome123
3552,Employee 3552,Welcome123
3553,Employee 3553,Welcome123
3554,Employee 3554,Welcome123
3555,Employee 3555,Welcome123
3556,Employee 3556,Welcome123
3557,Employee 3557,Welcome123
3558,Employee 3558,Welcome123
3559,Employee 3559,Welcome123
3560,Employee 3560,Welcome123
3561,Employee 3561,Welcome123
3563,Employee 3563,Welcome123
3564,Employee 3564,Welcome123
3565,Employee 3565,Welcome123
3566,Employee 3566,Welcome123
3567,Employee 3567,Welcome123
3568,Employee 3568,Welcome123
3569,Employee 3569,Welcome123
3570,Employee 3570,Welcome123
3571,Employee 3571,Welcome123
3572,Employee 3572,Welcome123
3573,Employee 3573,Welcome123
3575,Employee 3575,Welcome123
3576,Employee 3576,Welcome123
3577,Employee 3577,Welcome123
3578,Employee 3578,Welcome123
3579,Employee 3579,Welcome123
3580,Employee 3580,Welcome123
3581,Employee 3581,Welcome123
3582,Employee 3582,Welcome123
3583,Employee 3583,Welcome123
3584,Employee 3584,Welcome123
3585,Employee 3585,Welcome123
3586,Employee 3586,Welcome123
3587,Employee 3587,Welcome123
3588,Employee 3588,Welcome123
3589,Employee 3589,Welcome123
3593,Employee 3593,Welcome123
3594,Employee 3594,Welcome123
3595,Employee 3595,Welcome123
3596,Employee 3596,Welcome123
3598,Employee 3598,Welcome123
3599,Employee 3599,Welcome123
3600,Employee 3600,Welcome123
3601,Employee 3601,Welcome123
3602,Employee 3602,Welcome123
3603,Employee 3603,Welcome123
3604,Employee 3604,Welcome123
3605,Employee 3605,Welcome123
3606,Employee 3606,Welcome123
3607,Employee 3607,Welcome123
3608,Employee 3608,Welcome123
3609,Employee 3609,Welcome123
3610,Employee 3610,Welcome123
3611,Employee 3611,Welcome123
3612,Employee 3612,Welcome123
3613,Employee 3613,Welcome123
3614,Employee 3614,Welcome123
3616,Employee 3616,Welcome123
3617,Employee 3617,Welcome123
3618,Employee 3618,Welcome123
3619,Employee 3619,Welcome123
3620,Employee 3620,Welcome123
3621,Employee 3621,Welcome123
3622,Employee 3622,Welcome123
3623,Employee 3623,Welcome123
3624,Employee 3624,Welcome123
3625,Employee 3625,Welcome123
3626,Employee 3626,Welcome123
3627,Employee 3627,Welcome123
3628,Employee 3628,Welcome123
3629,Employee 3629,Welcome123
3630,Employee 3630,Welcome123
3631,Employee 3631,Welcome123
3632,Employee 3632,Welcome123
3633,Employee 3633,Welcome123
3634,Employee 3634,Welcome123
3635,Employee 3635,Welcome123
3636,Employee 3636,Welcome123
3637,Employee 3637,Welcome123
3638,Employee 3638,Welcome123
3640,Employee 3640,Welcome123
3643,Employee 3643,Welcome123
3644,Employee 3644,Welcome123
3645,Employee 3645,Welcome123
3646,Employee 3646,Welcome123
3647,Employee 3647,Welcome123
3648,Employee 3648,Welcome123
3649,Employee 3649,Welcome123
3650,Employee 3650,Welcome123
3651,Employee 3651,Welcome123
3652,Employee 3652,Welcome123
3653,Employee 3653,Welcome123
3654,Employee 3654,Welcome123
3655,Employee 3655,Welcome123
3656,Employee 3656,Welcome123
3657,Employee 3657,Welcome123
3658,Employee 3658,Welcome123
3659,Employee 3659,Welcome123
3660,Employee 3660,Welcome123
3661,Employee 3661,Welcome123
3662,Employee 3662,Welcome123
3665,Employee 3665,Welcome123
3666,Employee 3666,Welcome123
3667,Employee 3667,Welcome123
3668,Employee 3668,Welcome123
3669,Employee 3669,Welcome123
3670,Employee 3670,Welcome123
3671,Employee 3671,Welcome123
3672,Employee 3672,Welcome123
3673,Employee 3673,Welcome123
3674,Employee 3674,Welcome123
3675,Employee 3675,Welcome123
3676,Employee 3676,Welcome123
3677,Employee 3677,Welcome123
3678,Employee 3678,Welcome123
3679,Employee 3679,Welcome123
3680,Employee 3680,Welcome123
3681,Employee 3681,Welcome123
3682,Employee 3682,Welcome123
3683,Employee 3683,Welcome123
3684,Employee 3684,Welcome123
3685,Employee 3685,Welcome123
3687,Employee 3687,Welcome123
3689,Employee 3689,Welcome123
3690,Employee 3690,Welcome123
3691,Employee 3691,Welcome123
3692,Employee 3692,Welcome123
3693,Employee 3693,Welcome123
3694,Employee 3694,Welcome123
3695,Employee 3695,Welcome123
3696,Employee 3696,Welcome123
3697,Employee 3697,Welcome123
3698,Employee 3698,Welcome123
3699,Employee 3699,Welcome123
3700,Employee 3700,Welcome123
3701,Employee 3701,Welcome123
3702,Employee 3702,Welcome123
3703,Employee 3703,Welcome123
3704,Employee 3704,Welcome123
3705,Employee 3705,Welcome123
3706,Employee 3706,Welcome123
3707,Employee 3707,Welcome123
3708,Employee 3708,Welcome123
3709,Employee 3709,Welcome123
3710,Employee 3710,Welcome123
3711,Employee 3711,Welcome123
3713,Employee 3713,Welcome123
3714,Employee 3714,Welcome123
3715,Employee 3715,Welcome123
3716,Employee 3716,Welcome123
3717,Employee 3717,Welcome123
3718,Employee 3718,Welcome123
3719,Employee 3719,Welcome123
3720,Employee 3720,Welcome123
3721,Employee 3721,Welcome123
3722,Employee 3722,Welcome123
3723,Employee 3723,Welcome123
3724,Employee 3724,Welcome123
3725,Employee 3725,Welcome123
3726,Employee 3726,Welcome123
3727,Employee 3727,Welcome123
3728,Employee 3728,Welcome123
3729,Employee 3729,Welcome123
3730,Employee 3730,Welcome123
3731,Employee 3731,Welcome123
3732,Employee 3732,Welcome123
3734,Employee 3734,Welcome123
3735,Employee 3735,Welcome123
3736,Employee 3736,Welcome123
3737,Employee 3737,Welcome123
3738,Employee 3738,Welcome123
3739,Employee 3739,Welcome123
3740,Employee 3740,Welcome123
3741,Employee 3741,Welcome123
3742,Employee 3742,Welcome123
3743,Employee 3743,Welcome123
3744,Employee 3744,Welcome123
3745,Employee 3745,Welcome123
3746,Employee 3746,Welcome123
3747,Employee 3747,Welcome123
3748,Employee 3748,Welcome123
3749,Employee 3749,Welcome123
3750,Employee 3750,Welcome123
3751,Employee 3751,Welcome123
3752,Employee 3752,Welcome123
3753,Employee 3753,Welcome123
3754,Employee 3754,Welcome123
3756,Employee 3756,Welcome123
3758,Employee 3758,Welcome123
3759,Employee 3759,Welcome123
3760,Employee 3760,Welcome123
3761,Employee 3761,Welcome123
3762,Employee 3762,Welcome123
3763,Employee 3763,Welcome123
3764,Employee 3764,Welcome123
3765,Employee 3765,Welcome123
3766,Employee 3766,Welcome123
3767,Employee 3767,Welcome123
3768,Employee 3768,Welcome123
3769,Employee 3769,Welcome123
3770,Employee 3770,Welcome123
3771,Employee 3771,Welcome123
3772,Employee 3772,Welcome123
3773,Employee 3773,Welcome123
3774,Employee 3774,Welcome123
3775,Employee 3775,Welcome123
3776,Employee 3776,Welcome123
3777,Employee 3777,Welcome123
3778,Employee 3778,Welcome123
3782,Employee 3782,Welcome123
3783,Employee 3783,Welcome123
3784,Employee 3784,Welcome123
3785,Employee 3785,Welcome123
3786,Employee 3786,Welcome123
3787,Employee 3787,Welcome123
3788,Employee 3788,Welcome123
3789,Employee 3789,Welcome123
3790,Employee 3790,Welcome123
3791,Employee 3791,Welcome123
3792,Employee 3792,Welcome123
3793,Employee 3793,Welcome123
3794,Employee 3794,Welcome123
3795,Employee 3795,Welcome123
3796,Employee 3796,Welcome123
3797,Employee 3797,Welcome123
3798,Employee 3798,Welcome123
3799,Employee 3799,Welcome123
3800,Employee 3800,Welcome123
3801,Employee 3801,Welcome123
3802,Employee 3802,Welcome123
3804,Employee 3804,Welcome123
3805,Employee 3805,Welcome123
3806,Employee 3806,Welcome123
3807,Employee 3807,Welcome123
3808,Employee 3808,Welcome123
3809,Employee 3809,Welcome123
3810,Employee 3810,Welcome123
3811,Employee 3811,Welcome123
3812,Employee 3812,Welcome123
3813,Employee 3813,Welcome123
3815,Employee 3815,Welcome123
3816,Employee 3816,Welcome123
3817,Employee 3817,Welcome123
3818,Employee 3818,Welcome123
3819,Employee 3819,Welcome123
3820,Employee 3820,Welcome123
3821,Employee 3821,Welcome123
3822,Employee 3822,Welcome123
3823,Employee 3823,Welcome123
3824,Employee 3824,Welcome123
3825,Employee 3825,Welcome123
3826,Employee 3826,Welcome123
3827,Employee 3827,Welcome123
3828,Employee 3828,Welcome123
3829,Employee 3829,Welcome123
3830,Employee 3830,Welcome123
3831,Employee 3831,Welcome123
3833,Employee 3833,Welcome123
3834,Employee 3834,Welcome123
3835,Employee 3835,Welcome123
3836,Employee 3836,Welcome123
3837,Employee 3837,Welcome123
3838,Employee 3838,Welcome123
3839,Employee 3839,Welcome123
3840,Employee 3840,Welcome123
3841,Employee 3841,Welcome123
3844,Employee 3844,Welcome123
3845,Employee 3845,Welcome123
3846,Employee 3846,Welcome123
3847,Employee 3847,Welcome123
3848,Employee 3848,Welcome123
3849,Employee 3849,Welcome123
3850,Employee 3850,Welcome123
3854,Employee 3854,Welcome123
3855,Employee 3855,Welcome123
3856,Employee 3856,Welcome123
3857,Employee 3857,Welcome123
3858,Employee 3858,Welcome123
3859,Employee 3859,Welcome123
3860,Employee 3860,Welcome123
3861,Employee 3861,Welcome123
3863,Employee 3863,Welcome123
3865,Employee 3865,Welcome123
3866,Employee 3866,Welcome123
3867,Employee 3867,Welcome123
3868,Employee 3868,Welcome123
3869,Employee 3869,Welcome123
3870,Employee 3870,Welcome123
3871,Employee 3871,Welcome123
3872,Employee 3872,Welcome123
3873,Employee 3873,Welcome123
3874,Employee 3874,Welcome123
3875,Employee 3875,Welcome123
3876,Employee 3876,Welcome123
3877,Employee 3877,Welcome123
3878,Employee 3878,Welcome123
3879,Employee 3879,Welcome123
3880,Employee 3880,Welcome123
3881,Employee 3881,Welcome123
3882,Employee 3882,Welcome123
3883,Employee 3883,Welcome123
3884,Employee 3884,Welcome123
3885,Employee 3885,Welcome123
3886,Employee 3886,Welcome123
3889,Employee 3889,Welcome123
3890,Employee 3890,Welcome123
3891,Employee 3891,Welcome123
3892,Employee 3892,Welcome123
3893,Employee 3893,Welcome123
3894,Employee 3894,Welcome123
3895,Employee 3895,Welcome123
3896,Employee 3896,Welcome123
3897,Employee 3897,Welcome123
3900,Employee 3900,Welcome123
3901,Employee 3901,Welcome123
3902,Employee 3902,Welcome123
3903,Employee 3903,Welcome123
3904,Employee 3904,Welcome123
3905,Employee 3905,Welcome123
3906,Employee 3906,Welcome123
3907,Employee 3907,Welcome123
3908,Employee 3908,Welcome123
3909,Employee 3909,Welcome123
3910,Employee 3910,Welcome123
3911,Employee 3911,Welcome123
3914,Employee 3914,Welcome123
3915,Employee 3915,Welcome123
3916,Employee 3916,Welcome123
3917,Employee 3917,Welcome123
3918,Employee 3918,Welcome123
3919,Employee 3919,Welcome123
3920,Employee 3920,Welcome123
3921,Employee 3921,Welcome123
3922,Employee 3922,Welcome123
3923,Employee 3923,Welcome123
3924,Employee 3924,Welcome123
3926,Employee 3926,Welcome123
3927,Employee 3927,Welcome123
3928,Employee 3928,Welcome123
3929,Employee 3929,Welcome123
3930,Employee 3930,Welcome123
3931,Employee 3931,Welcome123
3932,Employee 3932,Welcome123
3933,Employee 3933,Welcome123
3934,Employee 3934,Welcome123
3935,Employee 3935,Welcome123
3936,Employee 3936,Welcome123
3937,Employee 3937,Welcome123
3938,Employee 3938,Welcome123
3939,Employee 3939,Welcome123
3940,Employee 3940,Welcome123
3941,Employee 3941,Welcome123
3942,Employee 3942,Welcome123
3943,Employee 3943,Welcome123
3944,Employee 3944,Welcome123
3945,Employee 3945,Welcome123
3946,Employee 3946,Welcome123
3947,Employee 3947,Welcome123
3948,Employee 3948,Welcome123
3950,Employee 3950,Welcome123
3951,Employee 3951,Welcome123
3952,Employee 3952,Welcome123
3953,Employee 3953,Welcome123
3954,Employee 3954,Welcome123
3955,Employee 3955,Welcome123
3956,Employee 3956,Welcome123
3957,Employee 3957,Welcome123
3958,Employee 3958,Welcome123
3959,Employee 3959,Welcome123
3960,Employee 3960,Welcome123
3961,Employee 3961,Welcome123
3962,Employee 3962,Welcome123
3963,Employee 3963,Welcome123
3965,Employee 3965,Welcome123
3967,Employee 3967,Welcome123
3968,Employee 3968,Welcome123
3969,Employee 3969,Welcome123
3970,Employee 3970,Welcome123
3971,Employee 3971,Welcome123
3972,Employee 3972,Welcome123
3973,Employee 3973,Welcome123
3974,Employee 3974,Welcome123
3975,Employee 3975,Welcome123
3976,Employee 3976,Welcome123
3977,Employee 3977,Welcome123
3978,Employee 3978,Welcome123
3980,Employee 3980,Welcome123
3981,Employee 3981,Welcome123
3982,Employee 3982,Welcome123
3983,Employee 3983,Welcome123
3984,Employee 3984,Welcome123
3985,Employee 3985,Welcome123
3986,Employee 3986,Welcome123
3987,Employee 3987,Welcome123
3989,Employee 3989,Welcome123
3991,Employee 3991,Welcome123
3992,Employee 3992,Welcome123
3993,Employee 3993,Welcome123
3994,Employee 3994,Welcome123
3995,Employee 3995,Welcome123
3996,Employee 3996,Welcome123
3997,Employee 3997,Welcome123
3998,Employee 3998,Welcome123
3999,Employee 3999,Welcome123
4000,Employee 4000,Welcome123
